fabric_code,quality_grade_cn,quality_grade_en,fabric_name_cn,fabric_name_en,composition_cn,composition_en,width_cn,width_en,weight_cn,weight_en,quantification_m_per_kg,tube_plus_allowance_kg_per_roll,tube_allowance_status,reference_roll_weight_kg,remarks_cn,remarks_en,tube_allowance_raw,source_note
3001,合格品,Qualified Grade,-,Not specified,70%棉 20%莱赛尔 10%亚麻,70% Cotton 20% Lyocell 10% Linen,170CM±5CM,170 cm ± 5 cm,230±5%,230 gsm ± 5%,,0.0,ok,,起订量200公斤/无色号明细/无法提取活性黑价格,MOQ 200 kg/No color-code details/Unable to extract Reactive Black price,0.0+0.0,Generated from 0428 fabric_prices.xlsx / 修改后数据
3016,合格品,Qualified Grade,-,Not specified,87.3%棉 9.2%聚酯纤维 3.5%氨纶,87.3% Cotton 9.2% Polyester 3.5% Spandex,170CM±5CM,170 cm ± 5 cm,290±5%,290 gsm ± 5%,,0.0,ok,,起订量200公斤/无色号明细/无法提取活性黑价格,MOQ 200 kg/No color-code details/Unable to extract Reactive Black price,0.0+0.0,Generated from 0428 fabric_prices.xlsx / 修改后数据
3068,一等品,First Grade,-,Not specified,56.8%莱赛尔 26.1%腈纶 14.2%绵羊毛 2.9%氨纶,56.8% Lyocell 26.1% Acrylic 14.2% Sheep Wool 2.9% Spandex,155CM±5CM,155 cm ± 5 cm,230±5%,230 gsm ± 5%,,0.0,ok,,起订量200公斤/无色号明细/无法提取活性黑价格,MOQ 200 kg/No color-code details/Unable to extract Reactive Black price,0.0+0.0,Generated from 0428 fabric_prices.xlsx / 修改后数据
3068,合格品,Qualified Grade,-,Not specified,56.8%莱赛尔 26.1%腈纶 14.2%绵羊毛 2.9%氨纶,56.8% Lyocell 26.1% Acrylic 14.2% Sheep Wool 2.9% Spandex,155CM±5CM,155 cm ± 5 cm,230±5%,230 gsm ± 5%,,0.0,ok,,起订量200公斤/无色号明细/无法提取活性黑价格/可做一等品,MOQ 200 kg/No color-code details/Unable to extract Reactive Black price/First Grade available,0.0+0.0,Generated from 0428 fabric_prices.xlsx / 修改后数据
6206,一等品,First Grade,塔夫罗纹,Taff Rib,91.5%棉 8.5%氨纶,91.5% Cotton 8.5% Spandex,180CM±5CM,180 cm ± 5 cm,220±5%,220 gsm ± 5%,2.53,1.0,ok,23.0,,,1.0+0.0,Generated from 0428 fabric_prices.xlsx / 修改后数据
6206,合格品,Qualified Grade,塔夫罗纹,Taff Rib,91.5%棉 8.5%氨纶,91.5% Cotton 8.5% Spandex,180CM±5CM,180 cm ± 5 cm,220±5%,220 gsm ± 5%,2.53,1.0,ok,23.0,-,-,1.0+0.0,Generated from 0428 fabric_prices.xlsx / 修改后数据
6211,一等品,First Grade,奥地利兰精天丝,Austrian Lenzing Tencel,100%莱赛尔,100% Lyocell,180CM±5CM,180 cm ± 5 cm,130±5%,130 gsm ± 5%,4.27,3.0,ok,23.0,只能做现货,Stock fabric only,1.5+1.5,Generated from 0428 fabric_prices.xlsx / 修改后数据
6211,合格品,Qualified Grade,奥地利兰精天丝,Austrian Lenzing Tencel,100%莱赛尔,100% Lyocell,180CM±5CM,180 cm ± 5 cm,130±5%,130 gsm ± 5%,4.27,3.0,ok,23.0,只能做现货,Stock fabric only,1.5+1.5,Generated from 0428 fabric_prices.xlsx / 修改后数据
6221,一等品,First Grade,极品水柔棉,Premium Soft Cotton,96.8%棉 3.2%氨纶,96.8% Cotton 3.2% Spandex,175CM±5CM,175 cm ± 5 cm,250±5%,250 gsm ± 5%,2.29,1.0,ok,23.0,-,-,1.0+0.0,Generated from 0428 fabric_prices.xlsx / 修改后数据
6221,合格品,Qualified Grade,极品水柔棉,Premium Soft Cotton,96.8%棉 3.2%氨纶,96.8% Cotton 3.2% Spandex,175CM±5CM,175 cm ± 5 cm,250±5%,250 gsm ± 5%,2.29,1.0,ok,23.0,-,-,1.0+0.0,Generated from 0428 fabric_prices.xlsx / 修改后数据
6228,一等品,First Grade,慕斯绒,Mousse Fleece,"178:37.6%粘纤 28.3%棉 28.3%腈纶 5.8%氨纶/86,87:33%粘纤 24.7%棉 24.7%腈纶 11.8%聚酯纤维 5.8%氨纶/123,124:37.6%粘纤 28.3%腈纶 26.4%棉 5.8%氨纶 1.9%聚酯纤维","178:37.6% Viscose 28.3% Cotton 28.3% Acrylic 5.8% Spandex / 86,87:33% Viscose 24.7% Cotton 24.7% Acrylic 11.8% Polyester 5.8% Spandex / 123,124:37.6% Viscose 28.3% Acrylic 26.4% Cotton 5.8% Spandex 1.9% Polyester",175CM±5CM,175 cm ± 5 cm,260±5%,260 gsm ± 5%,2.2,3.0,ok,23.0,多成分,Multiple compositions,1.5+1.5,Generated from 0428 fabric_prices.xlsx / 修改后数据
6228,合格品,Qualified Grade,慕斯绒,Mousse Fleece,"178:37.6%粘纤 28.3%棉 28.3%腈纶 5.8%氨纶/86,87:33%粘纤 24.7%棉 24.7%腈纶 11.8%聚酯纤维 5.8%氨纶/123,124:37.6%粘纤 28.3%腈纶 26.4%棉 5.8%氨纶 1.9%聚酯纤维","178:37.6% Viscose 28.3% Cotton 28.3% Acrylic 5.8% Spandex / 86,87:33% Viscose 24.7% Cotton 24.7% Acrylic 11.8% Polyester 5.8% Spandex / 123,124:37.6% Viscose 28.3% Acrylic 26.4% Cotton 5.8% Spandex 1.9% Polyester",175CM±5CM,175 cm ± 5 cm,260±5%,260 gsm ± 5%,2.2,3.0,ok,23.0,多成分,Multiple compositions,1.5+1.5,Generated from 0428 fabric_prices.xlsx / 修改后数据
6228A,一等品,First Grade,慕斯绒,Mousse Fleece,"86,87:33%粘纤 24.7%棉 24.7%腈纶 11.8%聚酯纤维 5.8%氨纶/123,124:37.6%粘纤 28.3%腈纶 26.4%棉 5.8%氨纶 1.9%聚酯纤维/103,104,86,87,88,89,90,91:33%粘纤 24.7%棉 24.7%腈纶 11.8%聚酯纤维 5.8%氨纶","86,87:33% Viscose 24.7% Cotton 24.7% Acrylic 11.8% Polyester 5.8% Spandex / 123,124:37.6% Viscose 28.3% Acrylic 26.4% Cotton 5.8% Spandex 1.9% Polyester / 103,104,86,87,88,89,90,91:33% Viscose 24.7% Cotton 24.7% Acrylic 11.8% Polyester 5.8% Spandex",175CM±5CM,175 cm ± 5 cm,260±5%,260 gsm ± 5%,2.2,3.0,ok,23.0,多成分,Multiple compositions,1.5+1.5,Generated from 0428 fabric_prices.xlsx / 修改后数据
6228A,合格品,Qualified Grade,慕斯绒,Mousse Fleece,"86,87:33%粘纤 24.7%棉 24.7%腈纶 11.8%聚酯纤维 5.8%氨纶/123,124:37.6%粘纤 28.3%腈纶 26.4%棉 5.8%氨纶 1.9%聚酯纤维/103,104,86,87,88,89,90,91:33%粘纤 24.7%棉 24.7%腈纶 11.8%聚酯纤维 5.8%氨纶","86,87:33% Viscose 24.7% Cotton 24.7% Acrylic 11.8% Polyester 5.8% Spandex / 123,124:37.6% Viscose 28.3% Acrylic 26.4% Cotton 5.8% Spandex 1.9% Polyester / 103,104,86,87,88,89,90,91:33% Viscose 24.7% Cotton 24.7% Acrylic 11.8% Polyester 5.8% Spandex",175CM±5CM,175 cm ± 5 cm,260±5%,260 gsm ± 5%,2.2,3.0,ok,23.0,多成分,Multiple compositions,1.5+1.5,Generated from 0428 fabric_prices.xlsx / 修改后数据
6257,一等品,First Grade,优可丝罗纹,EcoSilk Rib,"45,16:45.8%粘纤 45.7%棉 8.5%氨/19,32,89:46%粘纤 46%棉 8%氨","45,16:45.8% Viscose 45.7% Cotton 8.5%氨 / 19,32,89:46% Viscose 46% Cotton 8%氨",140CM±5CM,140 cm ± 5 cm,240±5%,240 gsm ± 5%,2.98,3.0,ok,23.0,,,1.5+1.5,Generated from 0428 fabric_prices.xlsx / 修改后数据
6257,合格品,Qualified Grade,优可丝罗纹,EcoSilk Rib,"45,16:45.8%粘纤45.7%棉8.5%氨/19,32,89:46%粘纤46%棉8%氨","45,16:45.8% Viscose 45.7% Cotton 8.5%氨 / 19,32,89:46% Viscose 46% Cotton 8%氨",140CM±5CM,140 cm ± 5 cm,240±5%,240 gsm ± 5%,2.98,3.0,ok,23.0,-,-,1.5+1.5,Generated from 0428 fabric_prices.xlsx / 修改后数据
6268,一等品,First Grade,优可丝罗纹,EcoSilk Rib,46.6%粘纤 46.6%棉 6.8%氨纶,46.6% Viscose 46.6% Cotton 6.8% Spandex,140CM±5CM,140 cm ± 5 cm,300±5%,300 gsm ± 5%,2.38,3.0,ok,23.0,,,1.5+1.5,Generated from 0428 fabric_prices.xlsx / 修改后数据
6268,合格品,Qualified Grade,优可丝罗纹,EcoSilk Rib,46.6%粘纤 46.6%棉 6.8%氨纶,46.6% Viscose 46.6% Cotton 6.8% Spandex,140CM±5CM,140 cm ± 5 cm,300±5%,300 gsm ± 5%,2.38,3.0,ok,23.0,-,-,1.5+1.5,Generated from 0428 fabric_prices.xlsx / 修改后数据
6279,一等品,First Grade,云感空气层,Cloud Touch Spacer Fabric,49%聚酯纤维 44%粘纤 7%氨纶,49% Polyester 44% Viscose 7% Spandex,175CM±5CM,175 cm ± 5 cm,300±5%,300 gsm ± 5%,1.9,1.0,ok,23.0,-,-,1.0+0.0,Generated from 0428 fabric_prices.xlsx / 修改后数据
6279,合格品,Qualified Grade,云感空气层,Cloud Touch Spacer Fabric,49%聚酯纤维 44%粘纤 7%氨纶,49% Polyester 44% Viscose 7% Spandex,175CM±5CM,175 cm ± 5 cm,300±5%,300 gsm ± 5%,1.9,1.0,ok,23.0,-,-,1.0+0.0,Generated from 0428 fabric_prices.xlsx / 修改后数据
63019,一等品,First Grade,兰精天丝麻,Lenzing Tencel Linen,"24:62%莱赛尔 22%亚麻 9.4%聚酯纤维 6.6%氨纶/45#:69%莱赛尔 24%亚麻 7%氨纶/48,49,47,50:65.1%莱赛尔 27.9%亚麻 7%氨纶","24:62% Lyocell 22% Linen 9.4% Polyester 6.6% Spandex / 45#:69% Lyocell 24% Linen 7% Spandex / 48,49,47,50:65.1% Lyocell 27.9% Linen 7% Spandex",170CM±5CM,170 cm ± 5 cm,220±5%,220 gsm ± 5%,2.67,1.0,ok,23.0,多成分/活性黑（2#）,Multiple compositions/Reactive Black(2#),1.0+0.0,Generated from 0428 fabric_prices.xlsx / 修改后数据
63019,合格品,Qualified Grade,兰精天丝麻,Lenzing Tencel Linen,"24:62%莱赛尔 22%亚麻 9.4%聚酯纤维 6.6%氨纶/45#:69%莱赛尔 24%亚麻 7%氨纶/48,49,47,50:65.1%莱赛尔 27.9%亚麻 7%氨纶","24:62% Lyocell 22% Linen 9.4% Polyester 6.6% Spandex / 45#:69% Lyocell 24% Linen 7% Spandex / 48,49,47,50:65.1% Lyocell 27.9% Linen 7% Spandex",170CM±5CM,170 cm ± 5 cm,220±5%,220 gsm ± 5%,2.67,1.0,ok,23.0,多成分/活性黑（2#）,Multiple compositions/Reactive Black(2#),1.0+0.0,Generated from 0428 fabric_prices.xlsx / 修改后数据
63065,一等品,First Grade,极品高捻棉,Premium High-Twist Cotton,71.8%棉 22.9%聚酯纤维 5.3%氨纶,71.8% Cotton 22.9% Polyester 5.3% Spandex,170CM±5CM,170 cm ± 5 cm,210±5%,210 gsm ± 5%,2.8,1.0,ok,23.0,只能做现货,Stock fabric only,1.0+0.0,Generated from 0428 fabric_prices.xlsx / 修改后数据
63065,合格品,Qualified Grade,极品高捻棉,Premium High-Twist Cotton,71.8%棉 22.9%聚酯纤维 5.3%氨纶,71.8% Cotton 22.9% Polyester 5.3% Spandex,170CM±5CM,170 cm ± 5 cm,210±5%,210 gsm ± 5%,2.8,1.0,ok,23.0,只能做现货,Stock fabric only,1.0+0.0,Generated from 0428 fabric_prices.xlsx / 修改后数据
6307,一等品,First Grade,果冻空气棉,Jelly Air Cotton,63.1%棉 36.9%聚酯纤维,63.1% Cotton 36.9% Polyester,185CM±5CM,185 cm ± 5 cm,320±5%,320 gsm ± 5%,1.69,1.0,ok,23.0,-,-,1.0+0.0,Generated from 0428 fabric_prices.xlsx / 修改后数据
6307,合格品,Qualified Grade,果冻空气棉,Jelly Air Cotton,63.1%棉 36.9%聚酯纤维,63.1% Cotton 36.9% Polyester,185CM±5CM,185 cm ± 5 cm,320±5%,320 gsm ± 5%,1.69,1.0,ok,23.0,-,-,1.0+0.0,Generated from 0428 fabric_prices.xlsx / 修改后数据
63070,一等品,First Grade,-,Not specified,45.5%棉 33.5%聚酯纤维 13.1%莱赛尔 7.9%氨纶,45.5% Cotton 33.5% Polyester 13.1% Lyocell 7.9% Spandex,160CM±5CM,160 cm ± 5 cm,260±5%,260 gsm ± 5%,2.4,1.0,ok,23.0,深色湿擦2级,深色湿擦2级,1.0+0.0,Generated from 0428 fabric_prices.xlsx / 修改后数据
63070,合格品,Qualified Grade,-,Not specified,45.5%棉 33.5%聚酯纤维 13.1%莱赛尔 7.9%氨纶,45.5% Cotton 33.5% Polyester 13.1% Lyocell 7.9% Spandex,160CM±5CM,160 cm ± 5 cm,260±5%,260 gsm ± 5%,2.4,1.0,ok,23.0,深色湿擦2级,深色湿擦2级,1.0+0.0,Generated from 0428 fabric_prices.xlsx / 修改后数据
63073,一等品,First Grade,-,Not specified,75.2%莱赛尔 18.8%亚麻 6%氨纶,75.2% Lyocell 18.8% Linen 6% Spandex,170CM±5CM,170 cm ± 5 cm,220±5%,220 gsm ± 5%,2.67,3.0,ok,23.0,只能做现货,Stock fabric only,1.0+2.0,Generated from 0428 fabric_prices.xlsx / 修改后数据
63073,合格品,Qualified Grade,-,Not specified,75.2%莱赛尔 18.8%亚麻 6%氨纶,75.2% Lyocell 18.8% Linen 6% Spandex,170CM±5CM,170 cm ± 5 cm,220±5%,220 gsm ± 5%,2.67,3.0,ok,23.0,只能做现货,Stock fabric only,1.0+2.0,Generated from 0428 fabric_prices.xlsx / 修改后数据
6312,一等品,First Grade,优可丝罗纹,EcoSilk Rib,46.6%粘纤 46.6%棉 6.8%氨纶,46.6% Viscose 46.6% Cotton 6.8% Spandex,140CM±5CM,140 cm ± 5 cm,260±5%,260 gsm ± 5%,2.75,3.0,ok,23.0,,,1.0+2.0,Generated from 0428 fabric_prices.xlsx / 修改后数据
6312,合格品,Qualified Grade,优可丝罗纹,EcoSilk Rib,46.6%粘纤 46.6%棉 6.8%氨纶,46.6% Viscose 46.6% Cotton 6.8% Spandex,140CM±5CM,140 cm ± 5 cm,260±5%,260 gsm ± 5%,2.75,3.0,ok,23.0,-,-,1.0+2.0,Generated from 0428 fabric_prices.xlsx / 修改后数据
6325,一等品,First Grade,果冻空气棉,Jelly Air Cotton,77%棉 17%聚酯纤维 6%氨纶,77% Cotton 17% Polyester 6% Spandex,175CM±5CM,175 cm ± 5 cm,260±5%,260 gsm ± 5%,2.2,1.0,ok,23.0,-,-,1.0+0.0,Generated from 0428 fabric_prices.xlsx / 修改后数据
6325,合格品,Qualified Grade,果冻空气棉,Jelly Air Cotton,77%棉 17%聚酯纤维 6%氨纶,77% Cotton 17% Polyester 6% Spandex,175CM±5CM,175 cm ± 5 cm,260±5%,260 gsm ± 5%,2.2,1.0,ok,23.0,-,-,1.0+0.0,Generated from 0428 fabric_prices.xlsx / 修改后数据
6326,一等品,First Grade,钻石棉,Diamond Cotton,33%粘纤 33%棉 27.5%聚酯纤维 6.5%氨纶,33% Viscose 33% Cotton 27.5% Polyester 6.5% Spandex,170CM±5CM,170 cm ± 5 cm,265±5%,265 gsm ± 5%,2.22,3.0,ok,23.0,新面料/多成分,新面料/Multiple compositions,1.0+2.0,Generated from 0428 fabric_prices.xlsx / 修改后数据
6326,合格品,Qualified Grade,钻石棉,Diamond Cotton,33%粘纤 33%棉 27.5%聚酯纤维 6.5%氨纶,33% Viscose 33% Cotton 27.5% Polyester 6.5% Spandex,170CM±5CM,170 cm ± 5 cm,260±5%,260 gsm ± 5%,2.26,3.0,ok,23.0,新面料/多成分,新面料/Multiple compositions,1.0+2.0,Generated from 0428 fabric_prices.xlsx / 修改后数据
6327,一等品,First Grade,慕斯羊绒,Mousse Cashmere,"178:37.6%粘纤 28.3%棉 28.3%腈纶 5.8%氨纶/86,87,88:33%粘纤 24.7%棉 24.7%腈纶 11.8%聚酯纤维 5.8%氨纶/123,124:37.6%粘纤 28.3%腈纶 26.4%棉 5.8%氨纶 1.9%聚酯纤维/177,180:30.6%粘纤 23%棉 23%腈纶 17.6%聚酯纤维 5.8%氨纶","178:37.6% Viscose 28.3% Cotton 28.3% Acrylic 5.8% Spandex / 86,87,88:33% Viscose 24.7% Cotton 24.7% Acrylic 11.8% Polyester 5.8% Spandex / 123,124:37.6% Viscose 28.3% Acrylic 26.4% Cotton 5.8% Spandex 1.9% Polyester / 177,180:30.6% Viscose 23% Cotton 23% Acrylic 17.6% Polyester 5.8% Spandex",175CM±5CM,175 cm ± 5 cm,230±5%,230 gsm ± 5%,2.48,3.0,ok,23.0,多成分,Multiple compositions,1.5+1.5,Generated from 0428 fabric_prices.xlsx / 修改后数据
6327,合格品,Qualified Grade,慕斯羊绒,Mousse Cashmere,"178:37.6%粘纤 28.3%棉 28.3%腈纶 5.8%氨纶/86,87,88:33%粘纤 24.7%棉 24.7%腈纶 11.8%聚酯纤维 5.8%氨纶/123,124:37.6%粘纤 28.3%腈纶 26.4%棉 5.8%氨纶 1.9%聚酯纤维/177,180:30.6%粘纤 23%棉 23%腈纶 17.6%聚酯纤维 5.8%氨纶","178:37.6% Viscose 28.3% Cotton 28.3% Acrylic 5.8% Spandex / 86,87,88:33% Viscose 24.7% Cotton 24.7% Acrylic 11.8% Polyester 5.8% Spandex / 123,124:37.6% Viscose 28.3% Acrylic 26.4% Cotton 5.8% Spandex 1.9% Polyester / 177,180:30.6% Viscose 23% Cotton 23% Acrylic 17.6% Polyester 5.8% Spandex",175CM±5CM,175 cm ± 5 cm,230±5%,230 gsm ± 5%,2.48,3.0,ok,23.0,多成分,Multiple compositions,1.5+1.5,Generated from 0428 fabric_prices.xlsx / 修改后数据
6328,一等品,First Grade,极品水柔棉,Premium Soft Cotton,95.2%棉 4.8%氨纶,95.2% Cotton 4.8% Spandex,175CM±5CM,175 cm ± 5 cm,210±5%,210 gsm ± 5%,2.72,1.0,ok,23.0,-,-,1.0+0.0,Generated from 0428 fabric_prices.xlsx / 修改后数据
6328,合格品,Qualified Grade,极品水柔棉,Premium Soft Cotton,95.2%棉 4.8%氨纶,95.2% Cotton 4.8% Spandex,175CM±5CM,175 cm ± 5 cm,210±5%,210 gsm ± 5%,2.72,1.0,ok,23.0,-,-,1.0+0.0,Generated from 0428 fabric_prices.xlsx / 修改后数据
6329,一等品,First Grade,粒子双面,Particle Double-Face,50.5%聚酯纤维 40.1%棉 9.4%氨纶,50.5% Polyester 40.1% Cotton 9.4% Spandex,170CM±5CM,170 cm ± 5 cm,320±5%,320 gsm ± 5%,1.84,1.0,ok,23.0,-,-,1.0+0.0,Generated from 0428 fabric_prices.xlsx / 修改后数据
6329,合格品,Qualified Grade,粒子双面,Particle Double-Face,50.5%聚酯纤维 40.1%棉 9.4%氨纶,50.5% Polyester 40.1% Cotton 9.4% Spandex,170CM±5CM,170 cm ± 5 cm,320±5%,320 gsm ± 5%,1.84,1.0,ok,23.0,-,-,1.0+0.0,Generated from 0428 fabric_prices.xlsx / 修改后数据
6331A,一等品,First Grade,慕斯抗菌绒,Mousse Antibacterial Fleece,"2,3,4,5,6,7,8,9,10,11,12,13,14,15,19,20,21,1,17,18,27,22,25,26,28,29,30:37%粘纤 27.7%棉 27.7%腈纶 7.6%氨纶","2,3,4,5,6,7,8,9,10,11,12,13,14,15,19,20,21,1,17,18,27,22,25,26,28,29,30:37% Viscose 27.7% Cotton 27.7% Acrylic 7.6% Spandex",175CM±5CM,175 cm ± 5 cm,230±5%,230 gsm ± 5%,2.48,1.0,ok,23.0,多成分,Multiple compositions,1.0+0.0,Generated from 0428 fabric_prices.xlsx / 修改后数据
6331A,合格品,Qualified Grade,慕斯抗菌绒,Mousse Antibacterial Fleece,"2,3,4,5,6,7,8,9,10,11,12,13,14,15,19,20,21,1,17,18,27,22,25,26,28,29,30:37%粘纤 27.7%棉 27.7%腈纶 7.6%氨纶","2,3,4,5,6,7,8,9,10,11,12,13,14,15,19,20,21,1,17,18,27,22,25,26,28,29,30:37% Viscose 27.7% Cotton 27.7% Acrylic 7.6% Spandex",175CM±5CM,175 cm ± 5 cm,230±5%,230 gsm ± 5%,2.48,1.0,ok,23.0,多成分,Multiple compositions,1.0+0.0,Generated from 0428 fabric_prices.xlsx / 修改后数据
6332D,一等品,First Grade,慕斯抗菌绒,Mousse Antibacterial Fleece,37.7%粘纤 28.5%棉 28.3%腈纶 5.5%氨纶,37.7% Viscose 28.5% Cotton 28.3% Acrylic 5.5% Spandex,175CM±5CM,175 cm ± 5 cm,280±5%,280 gsm ± 5%,2.04,1.0,ok,23.0,深色湿擦2级,深色湿擦2级,1.0+0.0,Generated from 0428 fabric_prices.xlsx / 修改后数据
6332D,合格品,Qualified Grade,慕斯抗菌绒,Mousse Antibacterial Fleece,37.7%粘纤 28.5%棉 28.3%腈纶 5.5%氨纶,37.7% Viscose 28.5% Cotton 28.3% Acrylic 5.5% Spandex,175CM±5CM,175 cm ± 5 cm,280±5%,280 gsm ± 5%,2.04,1.0,ok,23.0,深色湿擦2级,深色湿擦2级,1.0+0.0,Generated from 0428 fabric_prices.xlsx / 修改后数据
6333,一等品,First Grade,美利奴天丝羊毛,Merino Tencel Wool,"45,46:63.9%莱赛尔 17.8%聚酯纤维 16%绵羊毛 2.3%氨纶/75:80.1%莱赛尔 17.6%绵羊毛 2.3%氨纶","45,46:63.9% Lyocell 17.8% Polyester 16% Sheep Wool 2.3% Spandex / 75:80.1% Lyocell 17.6% Sheep Wool 2.3% Spandex",165CM±5CM,165 cm ± 5 cm,180±5%,180 gsm ± 5%,3.37,1.0,ok,23.0,多成分,Multiple compositions,1.0+0.0,Generated from 0428 fabric_prices.xlsx / 修改后数据
6333,合格品,Qualified Grade,美利奴天丝羊毛,Merino Tencel Wool,"45,46:63.9%莱赛尔 17.8%聚酯纤维 16%绵羊毛 2.3%氨纶/75:80.1%莱赛尔 17.6%绵羊毛 2.3%氨纶","45,46:63.9% Lyocell 17.8% Polyester 16% Sheep Wool 2.3% Spandex / 75:80.1% Lyocell 17.6% Sheep Wool 2.3% Spandex",165CM±5CM,165 cm ± 5 cm,180±5%,180 gsm ± 5%,3.37,1.0,ok,23.0,多成分,Multiple compositions,1.0+0.0,Generated from 0428 fabric_prices.xlsx / 修改后数据
6350,一等品,First Grade,锦纶凉感罗纹,Nylon Cooling Rib,66%粘纤 28.3%锦纶 5.7%氨纶,66% Viscose 28.3% Nylon 5.7% Spandex,150CM±5CM,150 cm ± 5 cm,220±5%,220 gsm ± 5%,3.03,1.0,ok,23.0,黑色等深色湿擦2级,黑色等深色湿擦2级,1.0+0.0,Generated from 0428 fabric_prices.xlsx / 修改后数据
6350,合格品,Qualified Grade,锦纶凉感罗纹,Nylon Cooling Rib,66%粘纤 28.3%锦纶 5.7%氨纶,66% Viscose 28.3% Nylon 5.7% Spandex,150CM±5CM,150 cm ± 5 cm,220±5%,220 gsm ± 5%,3.03,1.0,ok,23.0,湿擦2级,湿擦2级,1.0+0.0,Generated from 0428 fabric_prices.xlsx / 修改后数据
6358,一等品,First Grade,珠地速干棉,Pique Quick-Dry Cotton,57%棉 43%聚酯纤维,57% Cotton 43% Polyester,180CM±5CM,180 cm ± 5 cm,200±5%,200 gsm ± 5%,,0.0,ok,,新面料/活性黑（2#）,新面料/Reactive Black(2#),0.0+0.0,Generated from 0428 fabric_prices.xlsx / 修改后数据
6358,合格品,Qualified Grade,珠地速干棉,Pique Quick-Dry Cotton,57%棉 43%聚酯纤维,57% Cotton 43% Polyester,180CM±5CM,180 cm ± 5 cm,200±5%,200 gsm ± 5%,,0.0,ok,,新面料/活性黑（2#）,新面料/Reactive Black(2#),0.0+0.0,Generated from 0428 fabric_prices.xlsx / 修改后数据
6359,一等品,First Grade,极品奥地利兰精天丝,Premium Austrian Lenzing Tencel,93.5%莱赛尔 6.5%氨纶,93.5% Lyocell 6.5% Spandex,170CM±5CM,170 cm ± 5 cm,190±5,190 gsm ± 5 gsm,3.1,1.0,ok,23.0,-,-,1.0+0.0,Generated from 0428 fabric_prices.xlsx / 修改后数据
6359,合格品,Qualified Grade,极品奥地利兰精天丝,Premium Austrian Lenzing Tencel,93.5%莱赛尔 6.5%氨纶,93.5% Lyocell 6.5% Spandex,170CM±5CM,170 cm ± 5 cm,190±5,190 gsm ± 5 gsm,3.1,1.0,ok,23.0,-,-,1.0+0.0,Generated from 0428 fabric_prices.xlsx / 修改后数据
6361,合格品,Qualified Grade,砂洗双面,Sand Wash Double-Face,57.6%莫代尔 42.4%聚酯纤维,57.6% Modal 42.4% Polyester,160CM±5CM,160 cm ± 5 cm,300±5%,300 gsm ± 5%,,,pending,,活性黑（2#）/只能做合格品现货,Reactive Black(2#)/只能做合格品Stock fabric,pending,Generated from 0428 fabric_prices.xlsx / 修改后数据
6367,合格品,Qualified Grade,1\*1罗纹砂洗,1x1 Rib Sand Wash,68.7%莫代尔 23.8%聚酯纤维 7.5%氨纶,68.7% Modal 23.8% Polyester 7.5% Spandex,155CM±5CM,155 cm ± 5 cm,300±5%,300 gsm ± 5%,,,pending,,活性黑（2#）/只能做合格品现货,Reactive Black(2#)/只能做合格品Stock fabric,pending,Generated from 0428 fabric_prices.xlsx / 修改后数据
6369,一等品,First Grade,索皱棉,Crinkle Cotton,54.6%棉 40.4%聚酯纤维 5%氨纶,54.6% Cotton 40.4% Polyester 5% Spandex,175CM±5CM,175 cm ± 5 cm,380±5%,380 gsm ± 5%,1.5,1.0,ok,23.0,-,-,1.0+0.0,Generated from 0428 fabric_prices.xlsx / 修改后数据
6369,合格品,Qualified Grade,索皱棉,Crinkle Cotton,54.6%棉 40.4%聚酯纤维 5%氨纶,54.6% Cotton 40.4% Polyester 5% Spandex,175CM±5CM,175 cm ± 5 cm,380±5%,380 gsm ± 5%,1.5,1.0,ok,23.0,-,-,1.0+0.0,Generated from 0428 fabric_prices.xlsx / 修改后数据
6370,一等品,First Grade,美利奴天丝羊毛,Merino Tencel Wool,64.5%莱赛尔 27.7%绵羊毛 7.8%氨纶,64.5% Lyocell 27.7% Sheep Wool 7.8% Spandex,150CM±5CM,150 cm ± 5 cm,140±5%,140 gsm ± 5%,4.76,1.0,ok,23.0,-,-,1.0+0.0,Generated from 0428 fabric_prices.xlsx / 修改后数据
6370,合格品,Qualified Grade,美利奴天丝羊毛,Merino Tencel Wool,64.5%莱赛尔 27.7%绵羊毛 7.8%氨纶,64.5% Lyocell 27.7% Sheep Wool 7.8% Spandex,150CM±5CM,150 cm ± 5 cm,140±5%,140 gsm ± 5%,4.76,1.0,ok,23.0,-,-,1.0+0.0,Generated from 0428 fabric_prices.xlsx / 修改后数据
6371,一等品,First Grade,美利奴天丝羊毛,Merino Tencel Wool,70%莱赛尔 30%绵羊毛,70% Lyocell 30% Sheep Wool,160CM±5CM,160 cm ± 5 cm,180±5%,180 gsm ± 5%,3.47,1.0,ok,23.0,只能做现货,Stock fabric only,1.0+0.0,Generated from 0428 fabric_prices.xlsx / 修改后数据
6371,合格品,Qualified Grade,美利奴天丝羊毛,Merino Tencel Wool,70%莱赛尔 30%绵羊毛,70% Lyocell 30% Sheep Wool,160CM±5CM,160 cm ± 5 cm,180±5%,180 gsm ± 5%,3.47,1.0,ok,23.0,只能做现货,Stock fabric only,1.0+0.0,Generated from 0428 fabric_prices.xlsx / 修改后数据
6373D,一等品,First Grade,空气羊毛绒,Air Wool Fleece,"7#,14#,19#,20#,21#,22#:34.6%粘纤 19.8%聚酯纤维 18.5%腈纶 16.2%棉 8.5%氨纶 2.4%绵羊毛/10,11,12,8,9,3,4,5,6,17,13,16,15,18:34.7%粘纤 19.2%聚酯纤维 18.8%腈纶 16%棉 8.9%氨纶 2.4%绵羊毛","7#,14#,19#,20#,21#,22#:34.6% Viscose 19.8% Polyester 18.5% Acrylic 16.2% Cotton 8.5% Spandex 2.4% Sheep Wool / 10,11,12,8,9,3,4,5,6,17,13,16,15,18:34.7% Viscose 19.2% Polyester 18.8% Acrylic 16% Cotton 8.9% Spandex 2.4% Sheep Wool",170CM±5CM,170 cm ± 5 cm,380±5%,380 gsm ± 5%,1.55,1.0,ok,23.0,多成分/深色湿擦2级,Multiple compositions/深色湿擦2级,1.0+0.0,Generated from 0428 fabric_prices.xlsx / 修改后数据
6373D,合格品,Qualified Grade,空气羊毛绒,Air Wool Fleece,"7#,14#,19#,20#,21#,22#:34.6%粘纤 19.8%聚酯纤维 18.5%腈纶 16.2%棉 8.5%氨纶 2.4%绵羊毛/10,11,12,8,9,3,4,5,6,17,13,16,15,18:34.7%粘纤 19.2%聚酯纤维 18.8%腈纶 16%棉 8.9%氨纶 2.4%绵羊毛","7#,14#,19#,20#,21#,22#:34.6% Viscose 19.8% Polyester 18.5% Acrylic 16.2% Cotton 8.5% Spandex 2.4% Sheep Wool / 10,11,12,8,9,3,4,5,6,17,13,16,15,18:34.7% Viscose 19.2% Polyester 18.8% Acrylic 16% Cotton 8.9% Spandex 2.4% Sheep Wool",170CM±5CM,170 cm ± 5 cm,380±5%,380 gsm ± 5%,1.55,1.0,ok,23.0,多成分/深色湿擦2级,Multiple compositions/深色湿擦2级,1.0+0.0,Generated from 0428 fabric_prices.xlsx / 修改后数据
6377,一等品,First Grade,慕斯罗纹,Mousse Rib,42:34.3%粘纤 25.6%棉 25.6%腈纶 14.5%氨纶/31:34.6%粘纤 25.9%棉 25.9%腈纶 13.6%氨纶/29:33.7%粘纤 25.3%棉 25.3%腈纶 15.7%氨纶,42:34.3% Viscose 25.6% Cotton 25.6% Acrylic 14.5% Spandex / 31:34.6% Viscose 25.9% Cotton 25.9% Acrylic 13.6% Spandex / 29:33.7% Viscose 25.3% Cotton 25.3% Acrylic 15.7% Spandex,165CM±5CM,165 cm ± 5 cm,300±5%,300 gsm ± 5%,2.02,1.0,ok,23.0,深色湿擦2级/多成分,深色湿擦2级/Multiple compositions,1.0+0.0,Generated from 0428 fabric_prices.xlsx / 修改后数据
6377,合格品,Qualified Grade,慕斯罗纹,Mousse Rib,42:34.3%粘纤 25.6%棉 25.6%腈纶 14.5%氨纶/31:34.6%粘纤 25.9%棉 25.9%腈纶 13.6%氨纶/29:33.7%粘纤 25.3%棉 25.3%腈纶 15.7%氨纶,42:34.3% Viscose 25.6% Cotton 25.6% Acrylic 14.5% Spandex / 31:34.6% Viscose 25.9% Cotton 25.9% Acrylic 13.6% Spandex / 29:33.7% Viscose 25.3% Cotton 25.3% Acrylic 15.7% Spandex,165CM±5CM,165 cm ± 5 cm,300±5%,300 gsm ± 5%,2.02,1.0,ok,23.0,深色湿擦2级/多成分,深色湿擦2级/Multiple compositions,1.0+0.0,Generated from 0428 fabric_prices.xlsx / 修改后数据
6377A,一等品,First Grade,慕斯绒,Mousse Fleece,42:34.6%粘纤 25.9%棉 25.9%腈纶 13.6%氨纶/29:33.7%粘纤 25.3%棉 25.3%腈纶 15.7%氨纶,42:34.6% Viscose 25.9% Cotton 25.9% Acrylic 13.6% Spandex / 29:33.7% Viscose 25.3% Cotton 25.3% Acrylic 15.7% Spandex,165CM±5CM,165 cm ± 5 cm,300±5%,300 gsm ± 5%,2.02,1.0,ok,23.0,多成分,Multiple compositions,1.0+0.0,Generated from 0428 fabric_prices.xlsx / 修改后数据
6377A,合格品,Qualified Grade,慕斯绒,Mousse Fleece,42:34.6%粘纤 25.9%棉 25.9%腈纶 13.6%氨纶/29:33.7%粘纤 25.3%棉 25.3%腈纶 15.7%氨纶,42:34.6% Viscose 25.9% Cotton 25.9% Acrylic 13.6% Spandex / 29:33.7% Viscose 25.3% Cotton 25.3% Acrylic 15.7% Spandex,165CM±5CM,165 cm ± 5 cm,300±5%,300 gsm ± 5%,2.02,1.0,ok,23.0,多成分,Multiple compositions,1.0+0.0,Generated from 0428 fabric_prices.xlsx / 修改后数据
6378,一等品,First Grade,美利诺慕斯绒,Merino Mousse Fleece,"20#,60#:37.9%粘纤 28.3%腈纶 23.6%棉 5.5%氨纶 4.7%绵羊毛/15#,28#:37.9%粘纤 28.3%棉 23.6%腈纶 5.5%氨纶 4.7%绵羊毛","20#,60#:37.9% Viscose 28.3% Acrylic 23.6% Cotton 5.5% Spandex 4.7% Sheep Wool / 15#,28#:37.9% Viscose 28.3% Cotton 23.6% Acrylic 5.5% Spandex 4.7% Sheep Wool",175CM±5CM,175 cm ± 5 cm,230±5%,230 gsm ± 5%,2.48,1.0,ok,23.0,多成分,Multiple compositions,1.0+0.0,Generated from 0428 fabric_prices.xlsx / 修改后数据
6378,合格品,Qualified Grade,美利诺慕斯绒,Merino Mousse Fleece,"20#,60#:37.9%粘纤 28.3%腈纶 23.6%棉 5.5%氨纶 4.7%绵羊毛/15#,28#:37.9%粘纤 28.3%棉 23.6%腈纶 5.5%氨纶 4.7%绵羊毛","20#,60#:37.9% Viscose 28.3% Acrylic 23.6% Cotton 5.5% Spandex 4.7% Sheep Wool / 15#,28#:37.9% Viscose 28.3% Cotton 23.6% Acrylic 5.5% Spandex 4.7% Sheep Wool",175CM±5CM,175 cm ± 5 cm,230±5%,230 gsm ± 5%,2.48,1.0,ok,23.0,多成分,Multiple compositions,1.0+0.0,Generated from 0428 fabric_prices.xlsx / 修改后数据
6379A,一等品,First Grade,空气绒,Air Fleece,61.9%聚酯纤维 16.3%粘纤 16.3%棉 5.5%氨纶,61.9% Polyester 16.3% Viscose 16.3% Cotton 5.5% Spandex,165CM±5CM,165 cm ± 5 cm,400±5%,400 gsm ± 5%,1.52,1.0,ok,23.0,-,-,1.0+0.0,Generated from 0428 fabric_prices.xlsx / 修改后数据
6379A,合格品,Qualified Grade,空气绒,Air Fleece,61.9%聚酯纤维 16.3%粘纤 16.3%棉 5.5%氨纶,61.9% Polyester 16.3% Viscose 16.3% Cotton 5.5% Spandex,165CM±5CM,165 cm ± 5 cm,400±5%,400 gsm ± 5%,1.52,1.0,ok,23.0,-,-,1.0+0.0,Generated from 0428 fabric_prices.xlsx / 修改后数据
6379D,一等品,First Grade,空气绒,Air Fleece,61.9%聚酯纤维 16.3%粘纤 16.3%棉 5.5%氨纶,61.9% Polyester 16.3% Viscose 16.3% Cotton 5.5% Spandex,165CM±5CM,165 cm ± 5 cm,400±5%,400 gsm ± 5%,1.52,1.0,ok,23.0,深色湿擦2级,深色湿擦2级,1.0+0.0,Generated from 0428 fabric_prices.xlsx / 修改后数据
6379D,合格品,Qualified Grade,空气绒,Air Fleece,61.9%聚酯纤维 16.3%粘纤 16.3%棉 5.5%氨纶,61.9% Polyester 16.3% Viscose 16.3% Cotton 5.5% Spandex,165CM±5CM,165 cm ± 5 cm,400±5%,400 gsm ± 5%,1.52,1.0,ok,23.0,深色湿擦2级,深色湿擦2级,1.0+0.0,Generated from 0428 fabric_prices.xlsx / 修改后数据
6380,一等品,First Grade,精纺澳毛,Worsted Australian Wool,50%莱赛尔 50%绵羊毛,50% Lyocell 50% Sheep Wool,160CM±5CM,160 cm ± 5 cm,150±5%,150 gsm ± 5%,4.17,1.0,ok,23.0,只能做现货/活性黑（2#）,Stock fabric only/Reactive Black(2#),1.0+0.0,Generated from 0428 fabric_prices.xlsx / 修改后数据
6380,合格品,Qualified Grade,精纺澳毛,Worsted Australian Wool,50%莱赛尔 50%绵羊毛,50% Lyocell 50% Sheep Wool,160CM±5CM,160 cm ± 5 cm,150±5%,150 gsm ± 5%,4.17,1.0,ok,23.0,只能做现货/活性黑（2#）,Stock fabric only/Reactive Black(2#),1.0+0.0,Generated from 0428 fabric_prices.xlsx / 修改后数据
6381,合格品,Qualified Grade,云感澳毛,Cloud Touch Australian Wool,43%腈纶 29.5%莱赛尔 20.5%绵羊毛 7%氨纶,43% Acrylic 29.5% Lyocell 20.5% Sheep Wool 7% Spandex,160CM±5CM,160 cm ± 5 cm,210±5%,210 gsm ± 5%,3.37,1.0,ok,21.0,只能做现货/活性黑（2#）,Stock fabric only/Reactive Black(2#),1.0+0.0,Generated from 0428 fabric_prices.xlsx / 修改后数据
6385,一等品,First Grade,天丝羊毛1*1,Tencel Wool 1x1 Rib,66.9%莱赛尔 28.6%绵羊毛 4.5%氨纶,66.9% Lyocell 28.6% Sheep Wool 4.5% Spandex,150CM±5CM,150 cm ± 5 cm,150±5%,150 gsm ± 5%,4.44,1.0,ok,23.0,-,-,1.0+0.0,Generated from 0428 fabric_prices.xlsx / 修改后数据
6385,合格品,Qualified Grade,天丝羊毛1*1,Tencel Wool 1x1 Rib,66.9%莱赛尔 28.6%绵羊毛 4.5%氨纶,66.9% Lyocell 28.6% Sheep Wool 4.5% Spandex,150CM±5CM,150 cm ± 5 cm,150±5%,150 gsm ± 5%,4.44,1.0,ok,23.0,-,-,1.0+0.0,Generated from 0428 fabric_prices.xlsx / 修改后数据
6390,一等品,First Grade,兰精天丝麻,Lenzing Tencel Linen,44.3%棉 41.7%莱赛尔 14%亚麻,44.3% Cotton 41.7% Lyocell 14% Linen,165CM±5CM,165 cm ± 5 cm,230±5%,230 gsm ± 5%,2.64,1.0,ok,23.0,-,-,1.0+0.0,Generated from 0428 fabric_prices.xlsx / 修改后数据
6390,合格品,Qualified Grade,兰精天丝麻,Lenzing Tencel Linen,44.3%棉 41.7%莱赛尔 14%亚麻,44.3% Cotton 41.7% Lyocell 14% Linen,165CM±5CM,165 cm ± 5 cm,230±5%,230 gsm ± 5%,2.64,1.0,ok,23.0,-,-,1.0+0.0,Generated from 0428 fabric_prices.xlsx / 修改后数据
6395,一等品,First Grade,新麻,New Linen,31:62.8%棉 33.9%聚酯纤维 3.3%亚麻,31:62.8% Cotton 33.9% Polyester 3.3% Linen,160CM±5CM,160 cm ± 5 cm,140±5%,140 gsm ± 5%,4.46,1.0,ok,23.0,-,-,1.0+0.0,Generated from 0428 fabric_prices.xlsx / 修改后数据
6395,合格品,Qualified Grade,新麻,New Linen,31:62.8%棉 33.9%聚酯纤维 3.3%亚麻,31:62.8% Cotton 33.9% Polyester 3.3% Linen,160CM±5CM,160 cm ± 5 cm,140±5%,140 gsm ± 5%,4.46,1.0,ok,23.0,-,-,1.0+0.0,Generated from 0428 fabric_prices.xlsx / 修改后数据
6397D,一等品,First Grade,嘉斯羊毛双面绒,Jias Wool Double-Face Fleece,37.6%粘纤 28.2%腈纶 23.5%棉 6%氨纶 4.7%绵羊毛,37.6% Viscose 28.2% Acrylic 23.5% Cotton 6% Spandex 4.7% Sheep Wool,175CM ±5CM,175 cm ± 5 cm,250g ±5%,250 gsm ± 5%,2.29,,pending,23.0,起球不考核，深色湿擦2级，含税含运,"起球不考核, 深色湿擦2级, 含税含运",pending,Generated from 0428 fabric_prices.xlsx / 修改后数据
6397D,合格品,Qualified Grade,慕斯羊毛双面绒,Mousse Wool Double-Face Fleece,37.6%粘纤 28.2%腈纶 23.5%棉 6%氨纶 4.7%绵羊毛,37.6% Viscose 28.2% Acrylic 23.5% Cotton 6% Spandex 4.7% Sheep Wool,175CM ±5CM,175 cm ± 5 cm,250g ±5%,250 gsm ± 5%,2.29,1.0,ok,23.0,起球不考核，深色湿擦2级，含税含运,"起球不考核, 深色湿擦2级, 含税含运",1.0+0.0,Generated from 0428 fabric_prices.xlsx / 修改后数据
6398,一等品,First Grade,慕斯罗纹,Mousse Rib,31:34.3%粘纤 25.6%棉 25.6%腈纶 14.5%氨纶/29:33.7%粘纤 25.3%棉 25.3%腈纶 15.7%氨纶,31:34.3% Viscose 25.6% Cotton 25.6% Acrylic 14.5% Spandex / 29:33.7% Viscose 25.3% Cotton 25.3% Acrylic 15.7% Spandex,165CM±5CM,165 cm ± 5 cm,260±5%,260 gsm ± 5%,2.33,1.0,ok,23.0,多成分,Multiple compositions,1.0+0.0,Generated from 0428 fabric_prices.xlsx / 修改后数据
6398,合格品,Qualified Grade,慕斯罗纹,Mousse Rib,31:34.3%粘纤 25.6%棉 25.6%腈纶 14.5%氨纶/29:33.7%粘纤 25.3%棉 25.3%腈纶 15.7%氨纶,31:34.3% Viscose 25.6% Cotton 25.6% Acrylic 14.5% Spandex / 29:33.7% Viscose 25.3% Cotton 25.3% Acrylic 15.7% Spandex,165CM±5CM,165 cm ± 5 cm,260±5%,260 gsm ± 5%,2.33,1.0,ok,23.0,多成分,Multiple compositions,1.0+0.0,Generated from 0428 fabric_prices.xlsx / 修改后数据
6398A,一等品,First Grade,慕斯绒,Mousse Fleece,31:34.1%粘纤 25.6%棉 25.6%腈纶 14.7%氨纶/29:33.7%粘纤 25.3%棉 25.3%腈纶 15.7%氨纶,31:34.1% Viscose 25.6% Cotton 25.6% Acrylic 14.7% Spandex / 29:33.7% Viscose 25.3% Cotton 25.3% Acrylic 15.7% Spandex,165CM±5CM,165 cm ± 5 cm,260±5%,260 gsm ± 5%,2.33,1.0,ok,23.0,多成分,Multiple compositions,1.0+0.0,Generated from 0428 fabric_prices.xlsx / 修改后数据
6398A,合格品,Qualified Grade,慕斯绒,Mousse Fleece,31:34.1%粘纤 25.6%棉 25.6%腈纶 14.7%氨纶/29:33.7%粘纤 25.3%棉 25.3%腈纶 15.7%氨纶,31:34.1% Viscose 25.6% Cotton 25.6% Acrylic 14.7% Spandex / 29:33.7% Viscose 25.3% Cotton 25.3% Acrylic 15.7% Spandex,165CM±5CM,165 cm ± 5 cm,260±5%,260 gsm ± 5%,2.33,1.0,ok,23.0,多成分,Multiple compositions,1.0+0.0,Generated from 0428 fabric_prices.xlsx / 修改后数据
6502,一等品,First Grade,高捻棉,High-Twist Cotton,100%棉,100% Cotton,160CM±5CM,160 cm ± 5 cm,140±5%,140 gsm ± 5%,4.46,1.0,ok,23.0,只能做现货,Stock fabric only,1.0+0.0,Generated from 0428 fabric_prices.xlsx / 修改后数据
6502,合格品,Qualified Grade,高捻棉,High-Twist Cotton,100%棉,100% Cotton,160CM±5CM,160 cm ± 5 cm,140±5%,140 gsm ± 5%,4.46,1.0,ok,23.0,只能做现货,Stock fabric only,1.0+0.0,Generated from 0428 fabric_prices.xlsx / 修改后数据
6503,一等品,First Grade,美利诺慕斯绒,Merino Mousse Fleece,"2#,3#,19#,23#,30#,35#,40#,43#,44#,45#,46#,50#,51#,55#,56#,57#,58#,59#:37.9%粘纤 28.3%腈纶 23.6%棉 5.5%氨纶 4.7%绵羊毛/15#,28#:37.9%粘纤 28.3%棉 23.6%腈纶 5.5%氨纶 4.7%绵羊毛/20#,60#:37.9%粘纤 28.3%腈纶 23.6%棉 5.5%氨纶 4.7%绵羊毛","2#,3#,19#,23#,30#,35#,40#,43#,44#,45#,46#,50#,51#,55#,56#,57#,58#,59#:37.9% Viscose 28.3% Acrylic 23.6% Cotton 5.5% Spandex 4.7% Sheep Wool / 15#,28#:37.9% Viscose 28.3% Cotton 23.6% Acrylic 5.5% Spandex 4.7% Sheep Wool / 20#,60#:37.9% Viscose 28.3% Acrylic 23.6% Cotton 5.5% Spandex 4.7% Sheep Wool",175CM±5CM,175 cm ± 5 cm,260±5%,260 gsm ± 5%,2.2,1.0,ok,23.0,多成分,Multiple compositions,1.0+0.0,Generated from 0428 fabric_prices.xlsx / 修改后数据
6503,合格品,Qualified Grade,美利诺慕斯绒,Merino Mousse Fleece,"2#,3#,19#,23#,30#,35#,40#,43#,44#,45#,46#,50#,51#,55#,56#,57#,58#,59#:37.9%粘纤 28.3%腈纶 23.6%棉 5.5%氨纶 4.7%绵羊毛/15#,28#:37.9%粘纤 28.3%棉 23.6%腈纶 5.5%氨纶 4.7%绵羊毛/20#,60#:37.9%粘纤 28.3%腈纶 23.6%棉 5.5%氨纶 4.7%绵羊毛","2#,3#,19#,23#,30#,35#,40#,43#,44#,45#,46#,50#,51#,55#,56#,57#,58#,59#:37.9% Viscose 28.3% Acrylic 23.6% Cotton 5.5% Spandex 4.7% Sheep Wool / 15#,28#:37.9% Viscose 28.3% Cotton 23.6% Acrylic 5.5% Spandex 4.7% Sheep Wool / 20#,60#:37.9% Viscose 28.3% Acrylic 23.6% Cotton 5.5% Spandex 4.7% Sheep Wool",175CM±5CM,175 cm ± 5 cm,260±5%,260 gsm ± 5%,2.2,1.0,ok,23.0,多成分,Multiple compositions,1.0+0.0,Generated from 0428 fabric_prices.xlsx / 修改后数据
6503A,一等品,First Grade,美利诺慕斯绒,Merino Mousse Fleece,"2#,3#,19#,23#,30#,35#,40#,43#,44#,45#,46#,50#,51#,55#,56#,57#,58#,59#:37.9%粘纤 28.3%腈纶 23.6%棉 5.5%氨纶 4.7%绵羊毛/15#,28#:37.9%粘纤 28.3%棉 23.6%腈纶 5.5%氨纶 4.7%绵羊毛/20#,60#:37.9%粘纤 28.3%腈纶 23.6%棉 5.5%氨纶 4.7%绵羊毛","2#,3#,19#,23#,30#,35#,40#,43#,44#,45#,46#,50#,51#,55#,56#,57#,58#,59#:37.9% Viscose 28.3% Acrylic 23.6% Cotton 5.5% Spandex 4.7% Sheep Wool / 15#,28#:37.9% Viscose 28.3% Cotton 23.6% Acrylic 5.5% Spandex 4.7% Sheep Wool / 20#,60#:37.9% Viscose 28.3% Acrylic 23.6% Cotton 5.5% Spandex 4.7% Sheep Wool",175CM±5CM,175 cm ± 5 cm,260±5%,260 gsm ± 5%,2.2,1.0,ok,23.0,多成分/只能做现货,Multiple compositions/Stock fabric only,1.0+0.0,Generated from 0428 fabric_prices.xlsx / 修改后数据
6503A,合格品,Qualified Grade,美利诺慕斯绒,Merino Mousse Fleece,"2#,3#,19#,23#,30#,35#,40#,43#,44#,45#,46#,50#,51#,55#,56#,57#,58#,59#:37.9%粘纤 28.3%腈纶 23.6%棉 5.5%氨纶 4.7%绵羊毛/15#,28#:37.9%粘纤 28.3%棉 23.6%腈纶 5.5%氨纶 4.7%绵羊毛/20#,60#:37.9%粘纤 28.3%腈纶 23.6%棉 5.5%氨纶 4.7%绵羊毛","2#,3#,19#,23#,30#,35#,40#,43#,44#,45#,46#,50#,51#,55#,56#,57#,58#,59#:37.9% Viscose 28.3% Acrylic 23.6% Cotton 5.5% Spandex 4.7% Sheep Wool / 15#,28#:37.9% Viscose 28.3% Cotton 23.6% Acrylic 5.5% Spandex 4.7% Sheep Wool / 20#,60#:37.9% Viscose 28.3% Acrylic 23.6% Cotton 5.5% Spandex 4.7% Sheep Wool",175CM±5CM,175 cm ± 5 cm,260±5%,260 gsm ± 5%,2.2,1.0,ok,23.0,多成分/只能做现货,Multiple compositions/Stock fabric only,1.0+0.0,Generated from 0428 fabric_prices.xlsx / 修改后数据
6506,一等品,First Grade,优可丝竹节,EcoSilk Slub Jersey,45:46.8%粘纤 46.8%棉 6.4%氨/其他:46.6%粘纤 46.6%棉 6.8%氨,45:46.8% Viscose 46.8% Cotton 6.4%氨 / 其他:46.6% Viscose 46.6% Cotton 6.8%氨,140CM±5CM,140 cm ± 5 cm,300±5%,300 gsm ± 5%,2.38,1.0,ok,23.0,,,1.0+0.0,Generated from 0428 fabric_prices.xlsx / 修改后数据
6506,合格品,Qualified Grade,优可丝竹节,EcoSilk Slub Jersey,45:46.8%粘纤46.8%棉6.4%氨/其他:46.6%粘纤46.6%棉6.8%氨,45:46.8% Viscose 46.8% Cotton 6.4%氨 / 其他:46.6% Viscose 46.6% Cotton 6.8%氨,140CM±5CM,140 cm ± 5 cm,300±5%,300 gsm ± 5%,2.38,1.0,ok,23.0,-,-,1.0+0.0,Generated from 0428 fabric_prices.xlsx / 修改后数据
6507,一等品,First Grade,高捻罗纹,High-Twist Rib,88.4%棉 11.6%氨纶,88.4% Cotton 11.6% Spandex,140CM±5CM,140 cm ± 5 cm,220±5%,220 gsm ± 5%,3.25,1.0,ok,23.0,只能做现货,Stock fabric only,1.0+0.0,Generated from 0428 fabric_prices.xlsx / 修改后数据
6507,合格品,Qualified Grade,高捻罗纹,High-Twist Rib,88.4%棉 11.6%氨纶,88.4% Cotton 11.6% Spandex,140CM±5CM,140 cm ± 5 cm,220±5%,220 gsm ± 5%,3.25,1.0,ok,23.0,只能做现货,Stock fabric only,1.0+0.0,Generated from 0428 fabric_prices.xlsx / 修改后数据
6508,一等品,First Grade,优可丝竹节,EcoSilk Slub Jersey,45:46.8%粘纤 46.8%棉 6.4%氨/其他:46.6%粘纤 46.6%棉 6.8%氨,45:46.8% Viscose 46.8% Cotton 6.4%氨 / 其他:46.6% Viscose 46.6% Cotton 6.8%氨,140CM±5CM,140 cm ± 5 cm,260±5%,260 gsm ± 5%,2.75,1.0,ok,23.0,,,1.0+0.0,Generated from 0428 fabric_prices.xlsx / 修改后数据
6508,合格品,Qualified Grade,优可丝竹节,EcoSilk Slub Jersey,45:46.8%粘纤46.8%棉6.4%氨/其他:46.6%粘纤46.6%棉6.8%氨,45:46.8% Viscose 46.8% Cotton 6.4%氨 / 其他:46.6% Viscose 46.6% Cotton 6.8%氨,140CM±5CM,140 cm ± 5 cm,260±5%,260 gsm ± 5%,2.75,1.0,ok,23.0,-,-,1.0+0.0,Generated from 0428 fabric_prices.xlsx / 修改后数据
6512,一等品,First Grade,云莱,Yunlai Fabric,91.5%莱赛尔 8.5%氨纶,91.5% Lyocell 8.5% Spandex,160CM±5CM,160 cm ± 5 cm,220±5%,220 gsm ± 5%,2.84,1.0,ok,23.0,-,-,1.0+0.0,Generated from 0428 fabric_prices.xlsx / 修改后数据
6512,合格品,Qualified Grade,云莱,Yunlai Fabric,91.5%莱赛尔 8.5%氨纶,91.5% Lyocell 8.5% Spandex,160CM±5CM,160 cm ± 5 cm,220±5%,220 gsm ± 5%,2.84,1.0,ok,23.0,-,-,1.0+0.0,Generated from 0428 fabric_prices.xlsx / 修改后数据
6522D,一等品,First Grade,空气羊绒,Air Cashmere,32.6%聚酯纤维 19.8%腈纶 17.8%粘纤 17.8%棉 8%氨纶 2%羊绒 2%绵羊毛,32.6% Polyester 19.8% Acrylic 17.8% Viscose 17.8% Cotton 8% Spandex 2% Cashmere 2% Sheep Wool,170CM±5CM,170 cm ± 5 cm,330±5%,330 gsm ± 5%,,,pending,,活性黑（2#）,Reactive Black(2#),pending,Generated from 0428 fabric_prices.xlsx / 修改后数据
6522D,合格品,Qualified Grade,空气羊绒,Air Cashmere,32.6%聚酯纤维 19.8%腈纶 17.8%粘纤 17.8%棉 8%氨纶 2%羊绒 2%绵羊毛,32.6% Polyester 19.8% Acrylic 17.8% Viscose 17.8% Cotton 8% Spandex 2% Cashmere 2% Sheep Wool,170CM±5CM,170 cm ± 5 cm,330±5%,330 gsm ± 5%,,,pending,,活性黑（2#）,Reactive Black(2#),pending,Generated from 0428 fabric_prices.xlsx / 修改后数据
6525A,一等品,First Grade,双色蚕丝羊毛绒,Two-Tone Silk Wool Fleece,"2#,3#,4#,7#,14#,15#,16#,17#:37.9%棉 28.2%聚酯纤维 12.6%腈纶 8.7%氨纶 8.4%锦纶 2.1%桑蚕丝 2.1%绵羊毛/1:37.9%棉 28.2%聚酯纤维 12.6%腈纶 8.7%氨纶 8.4%锦纶 2.1%桑蚕丝 2.1%绵羊毛/10,11,14,15,16,17,9,12,13:37.6%棉 29.2%聚酯纤维 12.6%腈纶 8.4%锦纶 8%氨纶 2.1%桑蚕丝 2.1%绵羊毛/18,19:37.6%棉 29.2%聚酯纤维 12.6%腈纶 8.4%锦纶 8%氨纶 2.1%桑蚕丝 2.1%绵羊毛","2#,3#,4#,7#,14#,15#,16#,17#:37.9% Cotton 28.2% Polyester 12.6% Acrylic 8.7% Spandex 8.4% Nylon 2.1% Mulberry Silk 2.1% Sheep Wool / 1:37.9% Cotton 28.2% Polyester 12.6% Acrylic 8.7% Spandex 8.4% Nylon 2.1% Mulberry Silk 2.1% Sheep Wool / 10,11,14,15,16,17,9,12,13:37.6% Cotton 29.2% Polyester 12.6% Acrylic 8.4% Nylon 8% Spandex 2.1% Mulberry Silk 2.1% Sheep Wool / 18,19:37.6% Cotton 29.2% Polyester 12.6% Acrylic 8.4% Nylon 8% Spandex 2.1% Mulberry Silk 2.1% Sheep Wool",160CM±5CM,160 cm ± 5 cm,350±5%,350 gsm ± 5%,1.79,1.0,ok,23.0,只能做现货/多成分/活性黑（2#）,Stock fabric only/Multiple compositions/Reactive Black(2#),1.0+0.0,Generated from 0428 fabric_prices.xlsx / 修改后数据
6525A,合格品,Qualified Grade,双色蚕丝羊毛绒,Two-Tone Silk Wool Fleece,"2#,3#,4#,7#,14#,15#,16#,17#:37.9%棉 28.2%聚酯纤维 12.6%腈纶 8.7%氨纶 8.4%锦纶 2.1%桑蚕丝 2.1%绵羊毛/1:37.9%棉 28.2%聚酯纤维 12.6%腈纶 8.7%氨纶 8.4%锦纶 2.1%桑蚕丝 2.1%绵羊毛/10,11,14,15,16,17,9,12,13:37.6%棉 29.2%聚酯纤维 12.6%腈纶 8.4%锦纶 8%氨纶 2.1%桑蚕丝 2.1%绵羊毛/18,19:37.6%棉 29.2%聚酯纤维 12.6%腈纶 8.4%锦纶 8%氨纶 2.1%桑蚕丝 2.1%绵羊毛","2#,3#,4#,7#,14#,15#,16#,17#:37.9% Cotton 28.2% Polyester 12.6% Acrylic 8.7% Spandex 8.4% Nylon 2.1% Mulberry Silk 2.1% Sheep Wool / 1:37.9% Cotton 28.2% Polyester 12.6% Acrylic 8.7% Spandex 8.4% Nylon 2.1% Mulberry Silk 2.1% Sheep Wool / 10,11,14,15,16,17,9,12,13:37.6% Cotton 29.2% Polyester 12.6% Acrylic 8.4% Nylon 8% Spandex 2.1% Mulberry Silk 2.1% Sheep Wool / 18,19:37.6% Cotton 29.2% Polyester 12.6% Acrylic 8.4% Nylon 8% Spandex 2.1% Mulberry Silk 2.1% Sheep Wool",160CM±5CM,160 cm ± 5 cm,350±5%,350 gsm ± 5%,1.79,1.0,ok,23.0,只能做现货/多成分/活性黑（2#）,Stock fabric only/Multiple compositions/Reactive Black(2#),1.0+0.0,Generated from 0428 fabric_prices.xlsx / 修改后数据
6529,一等品,First Grade,优可丝竹节,EcoSilk Slub Jersey,46.8%粘纤 46.8%棉 6.4%氨纶,46.8% Viscose 46.8% Cotton 6.4% Spandex,140CM±5CM,140 cm ± 5 cm,220±5%,220 gsm ± 5%,3.25,1.0,ok,23.0,,,1.0+0.0,Generated from 0428 fabric_prices.xlsx / 修改后数据
6529,合格品,Qualified Grade,优可丝竹节,EcoSilk Slub Jersey,46.8%粘纤 46.8%棉 6.4%氨纶,46.8% Viscose 46.8% Cotton 6.4% Spandex,140CM±5CM,140 cm ± 5 cm,220±5%,220 gsm ± 5%,3.25,1.0,ok,23.0,-,-,1.0+0.0,Generated from 0428 fabric_prices.xlsx / 修改后数据
6530,一等品,First Grade,兰精天丝麻,Lenzing Tencel Linen,"24:62%莱赛尔 22%亚麻 9.4%聚酯纤维 6.6%氨纶/48,49,47,50:65.1%莱赛尔 27.9%亚麻 7%氨纶","24:62% Lyocell 22% Linen 9.4% Polyester 6.6% Spandex / 48,49,47,50:65.1% Lyocell 27.9% Linen 7% Spandex",170CM±5CM,170 cm ± 5 cm,180±5%,180 gsm ± 5%,3.27,1.0,ok,23.0,多成分/活性黑（2#）,Multiple compositions/Reactive Black(2#),1.0+0.0,Generated from 0428 fabric_prices.xlsx / 修改后数据
6530,合格品,Qualified Grade,兰精天丝麻,Lenzing Tencel Linen,"24:62%莱赛尔 22%亚麻 9.4%聚酯纤维 6.6%氨纶/48,49,47,50:65.1%莱赛尔 27.9%亚麻 7%氨纶","24:62% Lyocell 22% Linen 9.4% Polyester 6.6% Spandex / 48,49,47,50:65.1% Lyocell 27.9% Linen 7% Spandex",170CM±5CM,170 cm ± 5 cm,180±5%,180 gsm ± 5%,3.27,1.0,ok,23.0,多成分/活性黑（2#）,Multiple compositions/Reactive Black(2#),1.0+0.0,Generated from 0428 fabric_prices.xlsx / 修改后数据
6531,一等品,First Grade,兰精天丝麻,Lenzing Tencel Linen,22:46.9%莱赛尔 33%聚酯纤维 20.1%亚麻,22:46.9% Lyocell 33% Polyester 20.1% Linen,170CM±5CM,170 cm ± 5 cm,150±5%,150 gsm ± 5%,3.92,1.0,ok,23.0,只能做现货/多成分,Stock fabric only/Multiple compositions,1.0+0.0,Generated from 0428 fabric_prices.xlsx / 修改后数据
6531,合格品,Qualified Grade,兰精天丝麻,Lenzing Tencel Linen,22:46.9%莱赛尔 33%聚酯纤维 20.1%亚麻,22:46.9% Lyocell 33% Polyester 20.1% Linen,170CM±5CM,170 cm ± 5 cm,150±5%,150 gsm ± 5%,3.92,1.0,ok,23.0,只能做现货/多成分,Stock fabric only/Multiple compositions,1.0+0.0,Generated from 0428 fabric_prices.xlsx / 修改后数据
6535,一等品,First Grade,强捻1*1,High-Twist 1x1 Rib,95.2%棉 4.8%氨纶,95.2% Cotton 4.8% Spandex,155CM±5CM,155 cm ± 5 cm,230±5%,230 gsm ± 5%,2.81,1.0,ok,23.0,只能做现货,Stock fabric only,1.0+0.0,Generated from 0428 fabric_prices.xlsx / 修改后数据
6535,合格品,Qualified Grade,强捻1*1,High-Twist 1x1 Rib,95.2%棉 4.8%氨纶,95.2% Cotton 4.8% Spandex,155CM±5CM,155 cm ± 5 cm,230±5%,230 gsm ± 5%,2.81,1.0,ok,23.0,只能做现货,Stock fabric only,1.0+0.0,Generated from 0428 fabric_prices.xlsx / 修改后数据
6537D,一等品,First Grade,仿翡丝暖绒,Faux Jade Silk Warm Fleece,56.5%腈纶 33.5%粘纤 10%氨纶,56.5% Acrylic 33.5% Viscose 10% Spandex,180CM±5CM,180 cm ± 5 cm,290±5%,290 gsm ± 5%,,,pending,,深色湿擦2级,深色湿擦2级,pending,Generated from 0428 fabric_prices.xlsx / 修改后数据
6537D,合格品,Qualified Grade,仿翡丝暖绒,Faux Jade Silk Warm Fleece,56.5%腈纶 33.5%粘纤 10%氨纶,56.5% Acrylic 33.5% Viscose 10% Spandex,180CM±5CM,180 cm ± 5 cm,290±5%,290 gsm ± 5%,,,pending,,深色湿擦2级,深色湿擦2级,pending,Generated from 0428 fabric_prices.xlsx / 修改后数据
6538,合格品,Qualified Grade,热暖绒,Thermal Warm Fleece,38%粘纤 38%棉 20%聚酯纤维 4%氨纶,38% Viscose 38% Cotton 20% Polyester 4% Spandex,185CM±5CM,185 cm ± 5 cm,320±5%,320 gsm ± 5%,1.69,1.0,ok,22.0,只能做合格品现货/睿程智造/实时价格有浮动下单前请先咨询销售,只能做合格品Stock fabric/睿程智造/实时 price有浮动下单前请先咨询销售,1.0+0.0,Generated from 0428 fabric_prices.xlsx / 修改后数据
6538A,合格品,Qualified Grade,热暖绒,Thermal Warm Fleece,38%粘纤 38%棉 20%聚酯纤维 4%氨纶,38% Viscose 38% Cotton 20% Polyester 4% Spandex,185CM±5CM,185 cm ± 5 cm,320±5%,320 gsm ± 5%,1.69,1.0,ok,22.0,只能做合格品现货/睿程智造/实时价格有浮动下单前请先咨询销售,只能做合格品Stock fabric/睿程智造/实时 price有浮动下单前请先咨询销售,1.0+0.0,Generated from 0428 fabric_prices.xlsx / 修改后数据
6538D,合格品,Qualified Grade,热暖绒,Thermal Warm Fleece,38%粘纤 38%棉 20%聚酯纤维 4%氨纶,38% Viscose 38% Cotton 20% Polyester 4% Spandex,185CM±5CM,185 cm ± 5 cm,320±5%,320 gsm ± 5%,1.69,1.0,ok,22.0,只能做合格品现货/睿程智造/实时价格有浮动下单前请先咨询销售,只能做合格品Stock fabric/睿程智造/实时 price有浮动下单前请先咨询销售,1.0+0.0,Generated from 0428 fabric_prices.xlsx / 修改后数据
6539,一等品,First Grade,雪花新棉,Snowflake New Cotton,"17,16:51.8%棉 38.9%聚酯纤维 9.3%粘纤/基础:55%棉 45%聚酯纤维","17,16:51.8% Cotton 38.9% Polyester 9.3% Viscose / 基础:55% Cotton 45% Polyester",160CM±5CM,160 cm ± 5 cm,140±5%,140 gsm ± 5%,4.46,1.0,ok,23.0,多成分/活性黑（2#）,Multiple compositions/Reactive Black(2#),1.0+0.0,Generated from 0428 fabric_prices.xlsx / 修改后数据
6539,合格品,Qualified Grade,雪花新棉,Snowflake New Cotton,"17,16:51.8%棉 38.9%聚酯纤维 9.3%粘纤/基础:55%棉 45%聚酯纤维","17,16:51.8% Cotton 38.9% Polyester 9.3% Viscose / 基础:55% Cotton 45% Polyester",160CM±5CM,160 cm ± 5 cm,140±5%,140 gsm ± 5%,4.46,1.0,ok,23.0,多成分/活性黑（2#）,Multiple compositions/Reactive Black(2#),1.0+0.0,Generated from 0428 fabric_prices.xlsx / 修改后数据
6551,一等品,First Grade,新麻,New Linen,70.3%棉 26%聚酯纤维 3.7%亚麻,70.3% Cotton 26% Polyester 3.7% Linen,165CM±5CM,165 cm ± 5 cm,200±5%,200 gsm ± 5%,3.03,1.0,ok,23.0,-,-,1.0+0.0,Generated from 0428 fabric_prices.xlsx / 修改后数据
6551,合格品,Qualified Grade,新麻,New Linen,70.3%棉 26%聚酯纤维 3.7%亚麻,70.3% Cotton 26% Polyester 3.7% Linen,165CM±5CM,165 cm ± 5 cm,200±5%,200 gsm ± 5%,3.03,1.0,ok,23.0,-,-,1.0+0.0,Generated from 0428 fabric_prices.xlsx / 修改后数据
6552,合格品,Qualified Grade,阿尔巴斯羊绒,Albas Cashmere,42.4%莫代尔 42.4%腈纶 5.8%氨纶 4.7%羊绒 4.7%绵羊毛,42.4% Modal 42.4% Acrylic 5.8% Spandex 4.7% Cashmere 4.7% Sheep Wool,155CM±5CM,155 cm ± 5 cm,250±5%,250 gsm ± 5%,2.58,1.0,ok,23.0,只能做现货/活性黑（16#）,Stock fabric only/Reactive Black(16#),1.0+0.0,Generated from 0428 fabric_prices.xlsx / 修改后数据
6553,一等品,First Grade,清氧棉,Fresh Oxygen Cotton,96.5%棉 3.5%氨纶,96.5% Cotton 3.5% Spandex,165CM±5CM,165 cm ± 5 cm,240±5%,240 gsm ± 5%,2.53,1.0,ok,23.0,,,1.0+0.0,Generated from 0428 fabric_prices.xlsx / 修改后数据
6553,合格品,Qualified Grade,清氧棉,Fresh Oxygen Cotton,96.5%棉 3.5%氨纶,96.5% Cotton 3.5% Spandex,165CM±5CM,165 cm ± 5 cm,240±5%,240 gsm ± 5%,2.53,1.0,ok,23.0,-,-,1.0+0.0,Generated from 0428 fabric_prices.xlsx / 修改后数据
6555,一等品,First Grade,清氧棉,Fresh Oxygen Cotton,96.5%棉 3.5%氨纶,96.5% Cotton 3.5% Spandex,165CM±5CM,165 cm ± 5 cm,270±5%,270 gsm ± 5%,2.24,1.0,ok,23.0,,,1.0+0.0,Generated from 0428 fabric_prices.xlsx / 修改后数据
6555,合格品,Qualified Grade,清氧棉,Fresh Oxygen Cotton,96.5%棉 3.5%氨纶,96.5% Cotton 3.5% Spandex,165CM±5CM,165 cm ± 5 cm,270±5%,270 gsm ± 5%,2.24,1.0,ok,23.0,-,-,1.0+0.0,Generated from 0428 fabric_prices.xlsx / 修改后数据
6555A,一等品,First Grade,清氧棉,Fresh Oxygen Cotton,96.5%棉 3.5%氨纶,96.5% Cotton 3.5% Spandex,165CM±5CM,165 cm ± 5 cm,250±5%,250 gsm ± 5%,2.42,1.0,ok,23.0,,,1.0+0.0,Generated from 0428 fabric_prices.xlsx / 修改后数据
6555A,合格品,Qualified Grade,清氧棉,Fresh Oxygen Cotton,96.5%棉 3.5%氨纶,96.5% Cotton 3.5% Spandex,165CM±5CM,165 cm ± 5 cm,250±5%,250 gsm ± 5%,2.42,1.0,ok,23.0,-,-,1.0+0.0,Generated from 0428 fabric_prices.xlsx / 修改后数据
6556D,一等品,First Grade,空气羊毛绒,Air Wool Fleece,37.9%粘纤 20.5%腈纶 17.4%棉 13.6%聚酯纤维 8%氨纶 2.6%绵羊毛,37.9% Viscose 20.5% Acrylic 17.4% Cotton 13.6% Polyester 8% Spandex 2.6% Sheep Wool,175CM±5CM,175 cm ± 5 cm,280±5%,280 gsm ± 5%,2.04,1.0,ok,23.0,深色湿擦2级,深色湿擦2级,1.0+0.0,Generated from 0428 fabric_prices.xlsx / 修改后数据
6556D,合格品,Qualified Grade,空气羊毛绒,Air Wool Fleece,37.9%粘纤 20.5%腈纶 17.4%棉 13.6%聚酯纤维 8%氨纶 2.6%绵羊毛,37.9% Viscose 20.5% Acrylic 17.4% Cotton 13.6% Polyester 8% Spandex 2.6% Sheep Wool,175CM±5CM,175 cm ± 5 cm,280±5%,280 gsm ± 5%,2.04,1.0,ok,23.0,深色湿擦2级,深色湿擦2级,1.0+0.0,Generated from 0428 fabric_prices.xlsx / 修改后数据
6557D,一等品,First Grade,空气羊毛绒,Air Wool Fleece,"17,18:37.9%粘纤 20.5%腈纶 17.4%棉 13.6%聚酯纤维 8%氨纶 2.6%绵羊毛/其他:38.1%粘纤 20.5%腈纶 17.5%棉 13.9%聚酯纤维 7.4%氨纶 2.6%绵羊毛","17,18:37.9% Viscose 20.5% Acrylic 17.4% Cotton 13.6% Polyester 8% Spandex 2.6% Sheep Wool / 其他:38.1% Viscose 20.5% Acrylic 17.5% Cotton 13.9% Polyester 7.4% Spandex 2.6% Sheep Wool",170CM±5CM,170 cm ± 5 cm,330±5%,330 gsm ± 5%,1.78,1.0,ok,23.0,多成分/深色湿擦2级,Multiple compositions/深色湿擦2级,1.0+0.0,Generated from 0428 fabric_prices.xlsx / 修改后数据
6557D,合格品,Qualified Grade,空气羊毛绒,Air Wool Fleece,"17,18:37.9%粘纤 20.5%腈纶 17.4%棉 13.6%聚酯纤维 8%氨纶 2.6%绵羊毛/其他:38.1%粘纤 20.5%腈纶 17.5%棉 13.9%聚酯纤维 7.4%氨纶 2.6%绵羊毛","17,18:37.9% Viscose 20.5% Acrylic 17.4% Cotton 13.6% Polyester 8% Spandex 2.6% Sheep Wool / 其他:38.1% Viscose 20.5% Acrylic 17.5% Cotton 13.9% Polyester 7.4% Spandex 2.6% Sheep Wool",170CM±5CM,170 cm ± 5 cm,330±5%,330 gsm ± 5%,1.78,1.0,ok,23.0,多成分/深色湿擦2级,Multiple compositions/深色湿擦2级,1.0+0.0,Generated from 0428 fabric_prices.xlsx / 修改后数据
6559,一等品,First Grade,塔夫新棉,Taff New Cotton,93.4%棉 6.6%氨纶,93.4% Cotton 6.6% Spandex,175CM±5CM,175 cm ± 5 cm,260±5%,260 gsm ± 5%,2.2,1.0,ok,23.0,,,1.0+0.0,Generated from 0428 fabric_prices.xlsx / 修改后数据
6559,合格品,Qualified Grade,塔夫新棉,Taff New Cotton,93.4%棉 6.6%氨纶,93.4% Cotton 6.6% Spandex,175CM±5CM,175 cm ± 5 cm,260±5%,260 gsm ± 5%,2.2,1.0,ok,23.0,-,-,1.0+0.0,Generated from 0428 fabric_prices.xlsx / 修改后数据
6559A,一等品,First Grade,塔夫新棉,Taff New Cotton,93.4%棉 6.6%氨纶,93.4% Cotton 6.6% Spandex,175CM±5CM,175 cm ± 5 cm,260±5%,260 gsm ± 5%,2.2,1.0,ok,23.0,,,1.0+0.0,Generated from 0428 fabric_prices.xlsx / 修改后数据
6559A,合格品,Qualified Grade,塔夫新棉,Taff New Cotton,93.4%棉 6.6%氨纶,93.4% Cotton 6.6% Spandex,175CM±5CM,175 cm ± 5 cm,260±5%,260 gsm ± 5%,2.2,1.0,ok,23.0,-,-,1.0+0.0,Generated from 0428 fabric_prices.xlsx / 修改后数据
6560,一等品,First Grade,塔夫新棉罗纹,Taff New Cotton Rib,95%棉 5%氨纶,95% Cotton 5% Spandex,135CM±5CM,135 cm ± 5 cm,260±5%,260 gsm ± 5%,2.85,1.0,ok,23.0,,,1.0+0.0,Generated from 0428 fabric_prices.xlsx / 修改后数据
6560,合格品,Qualified Grade,塔夫新棉罗纹,Taff New Cotton Rib,95%棉 5%氨纶,95% Cotton 5% Spandex,135CM±5CM,135 cm ± 5 cm,260±5%,260 gsm ± 5%,2.85,1.0,ok,23.0,-,-,1.0+0.0,Generated from 0428 fabric_prices.xlsx / 修改后数据
6560A,一等品,First Grade,塔夫新棉罗纹,Taff New Cotton Rib,95%棉 5%氨纶,95% Cotton 5% Spandex,135CM±5CM,135 cm ± 5 cm,250±5%,250 gsm ± 5%,2.96,1.0,ok,23.0,,,1.0+0.0,Generated from 0428 fabric_prices.xlsx / 修改后数据
6560A,合格品,Qualified Grade,塔夫新棉罗纹,Taff New Cotton Rib,95%棉 5%氨纶,95% Cotton 5% Spandex,135CM±5CM,135 cm ± 5 cm,250±5%,250 gsm ± 5%,2.96,1.0,ok,23.0,-,-,1.0+0.0,Generated from 0428 fabric_prices.xlsx / 修改后数据
6561,一等品,First Grade,天丝羊毛,Tencel Wool,81.7%莱赛尔 14.4%绵羊毛 3.9%氨纶,81.7% Lyocell 14.4% Sheep Wool 3.9% Spandex,150CM±5CM,150 cm ± 5 cm,200±5%,200 gsm ± 5%,3.33,1.0,ok,23.0,-,-,1.0+0.0,Generated from 0428 fabric_prices.xlsx / 修改后数据
6561,合格品,Qualified Grade,天丝羊毛,Tencel Wool,81.7%莱赛尔 14.4%绵羊毛 3.9%氨纶,81.7% Lyocell 14.4% Sheep Wool 3.9% Spandex,150CM±5CM,150 cm ± 5 cm,200±5%,200 gsm ± 5%,3.33,1.0,ok,23.0,-,-,1.0+0.0,Generated from 0428 fabric_prices.xlsx / 修改后数据
6562D,一等品,First Grade,空气绒,Air Fleece,49.4%聚酯纤维 21.1%粘纤 21.1%棉 8.4%氨纶,49.4% Polyester 21.1% Viscose 21.1% Cotton 8.4% Spandex,160CM±5CM,160 cm ± 5 cm,330±5%,330 gsm ± 5%,1.89,1.0,ok,23.0,只能做现货,Stock fabric only,1.0+0.0,Generated from 0428 fabric_prices.xlsx / 修改后数据
6562D,合格品,Qualified Grade,空气绒,Air Fleece,49.4%聚酯纤维 21.1%粘纤 21.1%棉 8.4%氨纶,49.4% Polyester 21.1% Viscose 21.1% Cotton 8.4% Spandex,160CM±5CM,160 cm ± 5 cm,330±5%,330 gsm ± 5%,1.89,1.0,ok,23.0,只能做现货,Stock fabric only,1.0+0.0,Generated from 0428 fabric_prices.xlsx / 修改后数据
6563,一等品,First Grade,天丝羊毛,Tencel Wool,81.2%莱赛尔 14.3%绵羊毛 4.5%氨纶/29:78.3%莱赛尔 17.2%绵羊毛 4.5%氨纶,81.2% Lyocell 14.3% Sheep Wool 4.5% Spandex / 29:78.3% Lyocell 17.2% Sheep Wool 4.5% Spandex,150CM±5CM,150 cm ± 5 cm,200±5%,200 gsm ± 5%,3.33,1.0,ok,23.0,多成分,Multiple compositions,1.0+0.0,Generated from 0428 fabric_prices.xlsx / 修改后数据
6563,合格品,Qualified Grade,天丝羊毛,Tencel Wool,81.2%莱赛尔 14.3%绵羊毛 4.5%氨纶/29:78.3%莱赛尔 17.2%绵羊毛 4.5%氨纶,81.2% Lyocell 14.3% Sheep Wool 4.5% Spandex / 29:78.3% Lyocell 17.2% Sheep Wool 4.5% Spandex,150CM±5CM,150 cm ± 5 cm,200±5%,200 gsm ± 5%,3.33,1.0,ok,23.0,多成分,Multiple compositions,1.0+0.0,Generated from 0428 fabric_prices.xlsx / 修改后数据
6571,一等品,First Grade,云感空气层,Cloud Touch Spacer Fabric,55.2%聚酯纤维 36.2%莫代尔 8.6%氨纶,55.2% Polyester 36.2% Modal 8.6% Spandex,180CM±5CM,180 cm ± 5 cm,300±5%,300 gsm ± 5%,,,pending,,考核表已存在,考核表已存在,pending,Generated from 0428 fabric_prices.xlsx / 修改后数据
6571,合格品,Qualified Grade,云感空气层,Cloud Touch Spacer Fabric,55.2%聚酯纤维 36.2%莫代尔 8.6%氨纶,55.2% Polyester 36.2% Modal 8.6% Spandex,180CM±5CM,180 cm ± 5 cm,300±5%,300 gsm ± 5%,,,pending,,,,pending,Generated from 0428 fabric_prices.xlsx / 修改后数据
6572,一等品,First Grade,阿尔巴斯羊绒,Albas Cashmere,41%莫代尔 40.9%腈纶 9.1%氨纶 4.5%羊绒 4.5%绵羊毛,41% Modal 40.9% Acrylic 9.1% Spandex 4.5% Cashmere 4.5% Sheep Wool,170CM±5CM,170 cm ± 5 cm,160±5%,160 gsm ± 5%,3.68,1.0,ok,23.0,只能做现货,Stock fabric only,1.0+0.0,Generated from 0428 fabric_prices.xlsx / 修改后数据
6572,合格品,Qualified Grade,阿尔巴斯羊绒,Albas Cashmere,41%莫代尔 40.9%腈纶 9.1%氨纶 4.5%羊绒 4.5%绵羊毛,41% Modal 40.9% Acrylic 9.1% Spandex 4.5% Cashmere 4.5% Sheep Wool,170CM±5CM,170 cm ± 5 cm,160±5%,160 gsm ± 5%,3.68,1.0,ok,23.0,只能做现货,Stock fabric only,1.0+0.0,Generated from 0428 fabric_prices.xlsx / 修改后数据
6573,一等品,First Grade,阿克苏,Aksu Cotton,"56,3,55:94%棉 6%氨纶/其他:65.8%棉 28.2%莱赛尔 6%氨纶","56,3,55:94% Cotton 6% Spandex / 其他:65.8% Cotton 28.2% Lyocell 6% Spandex",165CM±5CM,165 cm ± 5 cm,220±5%,220 gsm ± 5%,2.75,3.0,ok,23.0,多成分,Multiple compositions,1.0+2.0,Generated from 0428 fabric_prices.xlsx / 修改后数据
6573,合格品,Qualified Grade,阿克苏,Aksu Cotton,"56,3,55:94%棉 6%氨纶/其他:65.8%棉 28.2%莱赛尔 6%氨纶","56,3,55:94% Cotton 6% Spandex / 其他:65.8% Cotton 28.2% Lyocell 6% Spandex",165CM±5CM,165 cm ± 5 cm,220±5%,220 gsm ± 5%,2.75,3.0,ok,23.0,多成分,Multiple compositions,1.0+2.0,Generated from 0428 fabric_prices.xlsx / 修改后数据
6575,一等品,First Grade,慕斯竹节,Mousse Slub Jersey,37.6%粘纤 28.1%棉 28.1%腈纶 6.2%氨纶,37.6% Viscose 28.1% Cotton 28.1% Acrylic 6.2% Spandex,170CM±5CM,170 cm ± 5 cm,260±5%,260 gsm ± 5%,2.26,3.0,ok,23.0,活性黑（2#）,Reactive Black(2#),1.0+2.0,Generated from 0428 fabric_prices.xlsx / 修改后数据
6575,合格品,Qualified Grade,慕斯竹节,Mousse Slub Jersey,37.6%粘纤 28.1%棉 28.1%腈纶 6.2%氨纶,37.6% Viscose 28.1% Cotton 28.1% Acrylic 6.2% Spandex,170CM±5CM,170 cm ± 5 cm,260±5%,260 gsm ± 5%,2.26,3.0,ok,23.0,活性黑（2#）,Reactive Black(2#),1.0+2.0,Generated from 0428 fabric_prices.xlsx / 修改后数据
6575A,一等品,First Grade,慕斯竹节绒,Mousse Slub Fleece,37.6%粘纤 28.1%棉 28.1%腈纶 6.2%氨纶,37.6% Viscose 28.1% Cotton 28.1% Acrylic 6.2% Spandex,170CM±5CM,170 cm ± 5 cm,260±5%,260 gsm ± 5%,2.26,3.0,ok,23.0,活性黑（16#）,Reactive Black(16#),1.0+2.0,Generated from 0428 fabric_prices.xlsx / 修改后数据
6575A,合格品,Qualified Grade,慕斯竹节绒,Mousse Slub Fleece,37.6%粘纤 28.1%棉 28.1%腈纶 6.2%氨纶,37.6% Viscose 28.1% Cotton 28.1% Acrylic 6.2% Spandex,170CM±5CM,170 cm ± 5 cm,260±5%,260 gsm ± 5%,2.26,3.0,ok,23.0,活性黑（16#）,Reactive Black(16#),1.0+2.0,Generated from 0428 fabric_prices.xlsx / 修改后数据
6577,一等品,First Grade,-,Not specified,"5,6,9,4,8,10,7,1,2,3:50%绵羊毛 35%粘纤 15%聚酯纤维","5,6,9,4,8,10,7,1,2,3:50% Sheep Wool 35% Viscose 15% Polyester",165CM±5CM,165 cm ± 5 cm,160±5%,160 gsm ± 5%,3.79,1.0,ok,23.0,只能做现货/多成分/活性黑（2#）,Stock fabric only/Multiple compositions/Reactive Black(2#),1.0+0.0,Generated from 0428 fabric_prices.xlsx / 修改后数据
6577,合格品,Qualified Grade,-,Not specified,"5,6,9,4,8,10,7,1,2,3:50%绵羊毛 35%粘纤 15%聚酯纤维","5,6,9,4,8,10,7,1,2,3:50% Sheep Wool 35% Viscose 15% Polyester",165CM±5CM,165 cm ± 5 cm,160±5%,160 gsm ± 5%,3.79,1.0,ok,23.0,只能做现货/多成分/活性黑（2#）,Stock fabric only/Multiple compositions/Reactive Black(2#),1.0+0.0,Generated from 0428 fabric_prices.xlsx / 修改后数据
6578,一等品,First Grade,阿克苏,Aksu Cotton,"3,55,56:94%棉 6%氨纶/其他:65.8%棉 28.2%莱赛尔 6%氨纶","3,55,56:94% Cotton 6% Spandex / 其他:65.8% Cotton 28.2% Lyocell 6% Spandex",165CM±5CM,165 cm ± 5 cm,250±5%,250 gsm ± 5%,2.42,3.0,ok,23.0,多成分,Multiple compositions,1.0+2.0,Generated from 0428 fabric_prices.xlsx / 修改后数据
6578,合格品,Qualified Grade,阿克苏,Aksu Cotton,"3,55,56:94%棉 6%氨纶/其他:65.8%棉 28.2%莱赛尔 6%氨纶","3,55,56:94% Cotton 6% Spandex / 其他:65.8% Cotton 28.2% Lyocell 6% Spandex",165CM±5CM,165 cm ± 5 cm,250±5%,250 gsm ± 5%,2.42,3.0,ok,23.0,多成分,Multiple compositions,1.0+2.0,Generated from 0428 fabric_prices.xlsx / 修改后数据
6579,一等品,First Grade,慕斯竹节,Mousse Slub Jersey,37.6%粘纤 28.1%棉 28.1%腈纶 6.2%氨纶,37.6% Viscose 28.1% Cotton 28.1% Acrylic 6.2% Spandex,170CM±5CM,170 cm ± 5 cm,220±5%,220 gsm ± 5%,2.67,3.0,ok,23.0,-,-,1.0+2.0,Generated from 0428 fabric_prices.xlsx / 修改后数据
6579,合格品,Qualified Grade,慕斯竹节,Mousse Slub Jersey,37.6%粘纤 28.1%棉 28.1%腈纶 6.2%氨纶,37.6% Viscose 28.1% Cotton 28.1% Acrylic 6.2% Spandex,170CM±5CM,170 cm ± 5 cm,220±5%,220 gsm ± 5%,2.67,3.0,ok,23.0,-,-,1.0+2.0,Generated from 0428 fabric_prices.xlsx / 修改后数据
6583,一等品,First Grade,阿克苏,Aksu Cotton,3:94%棉 6%氨纶/其他:65.8%棉 28.2%莱赛尔 6%氨纶,3:94% Cotton 6% Spandex / 其他:65.8% Cotton 28.2% Lyocell 6% Spandex,165CM±5CM,165 cm ± 5 cm,190±5%,190 gsm ± 5%,3.19,3.0,ok,23.0,多成分/只能做现货,Multiple compositions/Stock fabric only,1.0+2.0,Generated from 0428 fabric_prices.xlsx / 修改后数据
6583,合格品,Qualified Grade,阿克苏,Aksu Cotton,3:94%棉 6%氨纶/其他:65.8%棉 28.2%莱赛尔 6%氨纶,3:94% Cotton 6% Spandex / 其他:65.8% Cotton 28.2% Lyocell 6% Spandex,165CM±5CM,165 cm ± 5 cm,190±5%,190 gsm ± 5%,3.19,3.0,ok,23.0,多成分/只能做现货,Multiple compositions/Stock fabric only,1.0+2.0,Generated from 0428 fabric_prices.xlsx / 修改后数据
6585,一等品,First Grade,-,Not specified,45%聚酯纤维 39.4%莱赛尔 9.8%绵羊毛 5.8%氨纶,45% Polyester 39.4% Lyocell 9.8% Sheep Wool 5.8% Spandex,160CM±5CM,160 cm ± 5 cm,280±5%,280 gsm ± 5%,2.23,1.0,ok,23.0,只能做现货,Stock fabric only,1.0+0.0,Generated from 0428 fabric_prices.xlsx / 修改后数据
6585,合格品,Qualified Grade,-,Not specified,45%聚酯纤维 39.4%莱赛尔 9.8%绵羊毛 5.8%氨纶,45% Polyester 39.4% Lyocell 9.8% Sheep Wool 5.8% Spandex,160CM±5CM,160 cm ± 5 cm,280±5%,280 gsm ± 5%,2.23,1.0,ok,23.0,只能做现货,Stock fabric only,1.0+0.0,Generated from 0428 fabric_prices.xlsx / 修改后数据
6586D,一等品,First Grade,-,Not specified,43.2%粘纤 29.5%腈纶 13.8%棉 9.7%氨纶 3.8%绵羊毛,43.2% Viscose 29.5% Acrylic 13.8% Cotton 9.7% Spandex 3.8% Sheep Wool,155CM±5CM,155 cm ± 5 cm,340±5%,340 gsm ± 5%,1.9,1.0,ok,23.0,只能做现货,Stock fabric only,1.0+0.0,Generated from 0428 fabric_prices.xlsx / 修改后数据
6586D,合格品,Qualified Grade,-,Not specified,43.2%粘纤 29.5%腈纶 13.8%棉 9.7%氨纶 3.8%绵羊毛,43.2% Viscose 29.5% Acrylic 13.8% Cotton 9.7% Spandex 3.8% Sheep Wool,155CM±5CM,155 cm ± 5 cm,340±5%,340 gsm ± 5%,1.9,1.0,ok,23.0,只能做现货,Stock fabric only,1.0+0.0,Generated from 0428 fabric_prices.xlsx / 修改后数据
6588A,一等品,First Grade,-,Not specified,34.8%粘纤 26%腈纶 21.7%棉 12%涤纶 4.3%绵羊毛 1.2%氨纶,34.8% Viscose 26% Acrylic 21.7% Cotton 12% Polyester 4.3% Sheep Wool 1.2% Spandex,160CM±5CM,160 cm ± 5 cm,380±5%,380 gsm ± 5%,1.64,1.0,ok,23.0,只能做现货,Stock fabric only,1.0+0.0,Generated from 0428 fabric_prices.xlsx / 修改后数据
6588A,合格品,Qualified Grade,-,Not specified,34.8%粘纤 26%腈纶 21.7%棉 12%涤纶 4.3%绵羊毛 1.2%氨纶,34.8% Viscose 26% Acrylic 21.7% Cotton 12% Polyester 4.3% Sheep Wool 1.2% Spandex,160CM±5CM,160 cm ± 5 cm,380±5%,380 gsm ± 5%,1.64,1.0,ok,23.0,只能做现货,Stock fabric only,1.0+0.0,Generated from 0428 fabric_prices.xlsx / 修改后数据
6589,一等品,First Grade,-,Not specified,91.8%棉 8.2%氨纶,91.8% Cotton 8.2% Spandex,165CM±5CM,165 cm ± 5 cm,270±5%,270 gsm ± 5%,2.24,1.0,ok,23.0,只能做现货,Stock fabric only,1.0+0.0,Generated from 0428 fabric_prices.xlsx / 修改后数据
6589,合格品,Qualified Grade,-,Not specified,91.8%棉 8.2%氨纶,91.8% Cotton 8.2% Spandex,165CM±5CM,165 cm ± 5 cm,270±5%,270 gsm ± 5%,2.24,1.0,ok,23.0,只能做现货,Stock fabric only,1.0+0.0,Generated from 0428 fabric_prices.xlsx / 修改后数据
6590A,一等品,First Grade,-,Not specified,89.8%聚酯纤维 7.8%粘纤 2.4%氨纶,89.8% Polyester 7.8% Viscose 2.4% Spandex,165CM±5CM,165 cm ± 5 cm,270±5%,270 gsm ± 5%,2.24,1.0,ok,23.0,只能做现货,Stock fabric only,1.0+0.0,Generated from 0428 fabric_prices.xlsx / 修改后数据
6590A,合格品,Qualified Grade,-,Not specified,89.8%聚酯纤维 7.8%粘纤 2.4%氨纶,89.8% Polyester 7.8% Viscose 2.4% Spandex,165CM±5CM,165 cm ± 5 cm,270±5%,270 gsm ± 5%,2.24,1.0,ok,23.0,只能做现货,Stock fabric only,1.0+0.0,Generated from 0428 fabric_prices.xlsx / 修改后数据
6591,一等品,First Grade,-,Not specified,90%莱赛尔 10%亚麻,90% Lyocell 10% Linen,165CM±5CM,165 cm ± 5 cm,130±5%,130 gsm ± 5%,4.66,1.0,ok,23.0,只能做现货,Stock fabric only,1.0+0.0,Generated from 0428 fabric_prices.xlsx / 修改后数据
6591,合格品,Qualified Grade,-,Not specified,90%莱赛尔 10%亚麻,90% Lyocell 10% Linen,165CM±5CM,165 cm ± 5 cm,130±5%,130 gsm ± 5%,4.66,1.0,ok,23.0,只能做现货,Stock fabric only,1.0+0.0,Generated from 0428 fabric_prices.xlsx / 修改后数据
6592,一等品,First Grade,-,Not specified,100%棉,100% Cotton,160CM±5CM,160 cm ± 5 cm,150±5%,150 gsm ± 5%,4.17,1.0,ok,23.0,只能做现货/活性黑（2#）,Stock fabric only/Reactive Black(2#),1.0+0.0,Generated from 0428 fabric_prices.xlsx / 修改后数据
6592,合格品,Qualified Grade,(面料名称未显示),Fabric name not displayed,100%棉,100% Cotton,160CM±5CM,160 cm ± 5 cm,150±5%,150 gsm ± 5%,4.17,1.0,ok,23.0,只能做现货,Stock fabric only,1.0+0.0,Generated from 0428 fabric_prices.xlsx / 修改后数据
7002,合格品,Qualified Grade,-,Not specified,59.5%棉 30%聚酯纤维 10.5%亚麻,59.5% Cotton 30% Polyester 10.5% Linen,165CM±5CM,165 cm ± 5 cm,200±5%,200 gsm ± 5%,,0.0,ok,,新面料/起订量200公斤/无标准活性黑（2#/16#），需确认色号,"新面料/MOQ 200 kg/None标准Reactive Black(2#/16#), Need confirmation色号",0.0+0.0,Generated from 0428 fabric_prices.xlsx / 修改后数据
7003,一等品,First Grade,-,Not specified,100%棉,100% Cotton,180CM±5CM,180 cm ± 5 cm,380±5%,380 gsm ± 5%,1.46,1.0,ok,23.0,只能做现货/活性黑（2#）,Stock fabric only/Reactive Black(2#),1.0+0.0,Generated from 0428 fabric_prices.xlsx / 修改后数据
7003,合格品,Qualified Grade,-,Not specified,100%棉,100% Cotton,180CM±5CM,180 cm ± 5 cm,380±5%,380 gsm ± 5%,1.46,1.0,ok,23.0,只能做现货/活性黑（2#）,Stock fabric only/Reactive Black(2#),1.0+0.0,Generated from 0428 fabric_prices.xlsx / 修改后数据
7007D,一等品,First Grade,-,Not specified,82.6%聚酯纤维 11.4%粘纤 6%氨纶,82.6% Polyester 11.4% Viscose 6% Spandex,165CM±5CM,165 cm ± 5 cm,400±5%,400 gsm ± 5%,1.52,1.0,ok,23.0,无色号明细/无法提取活性黑价格,No color-code details/Unable to extract Reactive Black price,1.0+0.0,Generated from 0428 fabric_prices.xlsx / 修改后数据
7007D,合格品,Qualified Grade,-,Not specified,82.6%聚酯纤维 11.4%粘纤 6%氨纶,82.6% Polyester 11.4% Viscose 6% Spandex,165CM±5CM,165 cm ± 5 cm,400±5%,400 gsm ± 5%,1.52,1.0,ok,23.0,无色号明细/无法提取活性黑价格,No color-code details/Unable to extract Reactive Black price,1.0+0.0,Generated from 0428 fabric_prices.xlsx / 修改后数据
73012,一等品,First Grade,-,Not specified,51.1%聚酯纤维 46.8%棉 2.1%氨纶,51.1% Polyester 46.8% Cotton 2.1% Spandex,175CM±5CM,175 cm ± 5 cm,340±5%,340 gsm ± 5%,1.68,1.0,ok,23.0,国标合格品/无色号明细/无法提取活性黑价格/黑色的湿摩擦牢度2级,国标合格品/No color-code details/Unable to extract Reactive Black price/黑色的湿摩擦牢度2级,1.0+0.0,Generated from 0428 fabric_prices.xlsx / 修改后数据
73012,合格品,Qualified Grade,-,Not specified,51.1%聚酯纤维 46.8%棉 2.1%氨纶,51.1% Polyester 46.8% Cotton 2.1% Spandex,175CM±5CM,175 cm ± 5 cm,340±5%,340 gsm ± 5%,1.68,1.0,ok,23.0,国标合格品/无色号明细/无法提取活性黑价格/黑色的湿摩擦牢度2级,国标合格品/No color-code details/Unable to extract Reactive Black price/黑色的湿摩擦牢度2级,1.0+0.0,Generated from 0428 fabric_prices.xlsx / 修改后数据
73072,合格品,Qualified Grade,-,Not specified,59.8%棉 29.6%聚酯纤维 10.6%亚麻,59.8% Cotton 29.6% Polyester 10.6% Linen,160CM±5CM,160 cm ± 5 cm,210±5%,210 gsm ± 5%,,0.0,ok,,新面料/起订量200公斤,新面料/MOQ 200 kg,0.0+0.0,Generated from 0428 fabric_prices.xlsx / 修改后数据
9050,一等品,First Grade,天丝羊毛1*1,Tencel Wool 1x1 Rib,"66:76.4%莱赛尔 19.1%绵羊毛 4.5%氨纶/37,38:62.5%莱赛尔 17.4%聚酯纤维 15.6%绵羊毛 4.5%氨纶","66:76.4% Lyocell 19.1% Sheep Wool 4.5% Spandex / 37,38:62.5% Lyocell 17.4% Polyester 15.6% Sheep Wool 4.5% Spandex",150CM±5CM,150 cm ± 5 cm,150±5%,150 gsm ± 5%,4.44,1.0,ok,23.0,多成分,Multiple compositions,1.0+0.0,Generated from 0428 fabric_prices.xlsx / 修改后数据
9050,合格品,Qualified Grade,天丝羊毛1*1,Tencel Wool 1x1 Rib,"66:76.4%莱赛尔 19.1%绵羊毛 4.5%氨纶/37,38:62.5%莱赛尔 17.4%聚酯纤维 15.6%绵羊毛 4.5%氨纶","66:76.4% Lyocell 19.1% Sheep Wool 4.5% Spandex / 37,38:62.5% Lyocell 17.4% Polyester 15.6% Sheep Wool 4.5% Spandex",150CM±5CM,150 cm ± 5 cm,150±5%,150 gsm ± 5%,4.44,1.0,ok,23.0,多成分,Multiple compositions,1.0+0.0,Generated from 0428 fabric_prices.xlsx / 修改后数据
9053,一等品,First Grade,天丝羊毛1*1,Tencel Wool 1x1 Rib,"66:76.4%莱赛尔 19.1%绵羊毛 4.5%氨纶/37,38:62.5%莱赛尔 17.4%聚酯纤维 15.6%绵羊毛 4.5%氨纶","66:76.4% Lyocell 19.1% Sheep Wool 4.5% Spandex / 37,38:62.5% Lyocell 17.4% Polyester 15.6% Sheep Wool 4.5% Spandex",150CM±5CM,150 cm ± 5 cm,200±5%,200 gsm ± 5%,3.33,1.0,ok,23.0,多成分,Multiple compositions,1.0+0.0,Generated from 0428 fabric_prices.xlsx / 修改后数据
9053,合格品,Qualified Grade,天丝羊毛1*1,Tencel Wool 1x1 Rib,"66:76.4%莱赛尔 19.1%绵羊毛 4.5%氨纶/37,38:62.5%莱赛尔 17.4%聚酯纤维 15.6%绵羊毛 4.5%氨纶","66:76.4% Lyocell 19.1% Sheep Wool 4.5% Spandex / 37,38:62.5% Lyocell 17.4% Polyester 15.6% Sheep Wool 4.5% Spandex",150CM±5CM,150 cm ± 5 cm,200±5%,200 gsm ± 5%,3.33,1.0,ok,23.0,多成分,Multiple compositions,1.0+0.0,Generated from 0428 fabric_prices.xlsx / 修改后数据
9182,一等品,First Grade,冰爽澳棉,Cool Australian Cotton,100%棉,100% Cotton,175CM±5CM,175 cm ± 5 cm,200±5%,200 gsm ± 5%,2.86,1.0,ok,23.0,-,-,1.0+0.0,Generated from 0428 fabric_prices.xlsx / 修改后数据
9182,合格品,Qualified Grade,冰爽澳棉,Cool Australian Cotton,100%棉,100% Cotton,175CM±5CM,175 cm ± 5 cm,200±5%,200 gsm ± 5%,2.86,1.0,ok,23.0,-,-,1.0+0.0,Generated from 0428 fabric_prices.xlsx / 修改后数据
